drummer_name,artist_name
アート・テイラー,
アート・ブレイキー,
アイアート・モレイラ,
アイ高野,"ザ・カーナビーツ, ザ・ゴールデン・カップス"
会田一輝,湘南探偵団
青木和義,T-BOLAN
青木達之,東京スカパラダイスオーケストラ
青山純,"THE SQUARE, プリズム"
赤間慎,
あき,Strawberry JAM
AKI,SUAL拳
秋田鋭次郎,ノヴェラ
AKIHIKO,knotlamp
アキヒロ,BAISER
秋山隆彦,downy
秋山幸広,"RED CURTAIN, ORIGINAL LOVE"
AKIRA,"GLAY, Kill=slayd"
Act.,SONIC ADVENTURE MUSIC EXPERIENCE
朝倉幸夫,アウト・キャスト
浅沼俊一,ピンクリボン軍
浅野良治,ゴダイゴ
麻生祥一郎,
アヒト・イナザワ,"NUMBER GIRL, ZAZENBOYS, BEYONDS"
阿部薫,水樹奈々
阿部耕作,"ザ・コレクターズ, チリヌルヲワカ, qps, TAIJI at THE BONNET, LOVE JETS, TEXAS TAXIS"
安倍元彰,Eroica
新井康徳,BAAD
荒川浩士,AUDIO RULEZ
荒川康伸,フリッパーズ・ギター
荒木康弘,"ALLERGY, P-MODEL"
あらきゆうこ,あらきゆうこ
ARASE,B-DASH
アラン・ホワイト,"プラスティック・オノ・バンド, イエス"
有田賢,Luis-Mary
アル・ジャクソン,"MGS, スタックス"
アール・パーマー,
アル・フォスター,
アレックス・アクーニャ,
アレックス・ヴァン・ヘイレン,ヴァン・ヘイレン
アレックス・スペンス,ジェファーソン・エアプレイン
アンダース・ヨハンソン,"ライジング・フォース, ハンマーフォール"
アンディ・スターマー,ジェリーフィッシュ
アンディ・ニューマーク,"スライ&ザ・ファミリー・ストーン, ロキシー・ミュージック"
アンディ・ビューズ,ハンドレッド・リーズンズ
アンドリュー・マカロック,"キング・クリムゾン, グリーンスレイド"
アンディ・ウォード,キャメル
アントニオ・サンチェス,
アントン・フィグ,
イアン・ウォーレス,キング・クリムゾン
イアン・ペイス,ディープ・パープル
イェスパー・ストロムブラード ,イン・フレイムス
飯泉良平,ヌンチャク
五十嵐公太,"T.V., JUDY AND MARY, 水樹奈々"
池畑潤二,"HEAT WAVE, JUDE, ルースターズ"
Isao Cato,"JAPA Bloco, 森下玲可"
石井智,TALIZMAN
石川晶,
石川広志,
石川雅春,
石塚明彦,Unlimited Broadcast
泉川直毅,SKA SKA CLUB
白水,Kagrra
礒田良雄,"SABER TIGER, HARD GEAR, DOUBLE DEALER, SIXRIDE, 柴田直人PROJECT"
伊地知潔,ASIAN KUNG-FU GENERATION
Ichi-low,Yum!Yum!ORANGE
伊藤薫,"チューリップ, オールウェイズ"
伊藤大助,クラムボン
伊藤大地,"SAKEROCK, グッドラックヘイワ"
乾純,ザ・スターリン
井上正,寺内タケシとバニーズ
猪俣猛,
伊吹文裕,
今井義頼,
今川ツトム,"ECHOES, KAI FIVE"
今村舞,"SUPER EGG MACHINE, YUI, 阿部真央, MiChi"
IWASAKI,FLOW
岩田ガンタ康彦,"AIRBLANCA, BROADWAY"
岩田裕二,オックス
インゴ・シュヴィヒテンバーグ,ハロウィン
上田雅利,"チューリップ, ピカデリー・サーカス, オールウェイズ"
植田芳暁,ザ・ワイルドワンズ
上野智代,
上原彰兼,ロードオブメジャー
上原裕,"村八分, シュガー・ベイブ, エキゾティクス, CO-CóLO"
ヴァーネル・フォーニア,
ヴァージル・ドナッティー,
ヴァルグ・ヴィーケネス,バーズム
ヴィットーリオ・シクバルディ,
ヴィニー・アピス,
ヴィニー・カリウタ,
ウィリー・ボボ,
ヴェサ・ランタ,
ウォーレン・カン,ウルトラヴォックス
ウガンダ・トラ,ビジーフォー
内田武瑠,"BURGER NUDS, Good Dog Happy Men"
内田稔,
宇津本直紀,"ZYYG, DEEN"
宇乃かつを,
宇野忠,D'ERLANGER
うめ,スカポンタス
浦田賢一,サンハウス
浦山一悟,ACIDMAN
ウリ・カッシュ,"ガンマ・レイ, ハロウィン"
鋭葵,黒夢
エイドリアン・アーランドソン ,"アット・ザ・ゲイツ, パラダイス・ロスト, ザ・ホーンテッド, クレイドル・オブ・フィルス, ブルヘリア"
英竜介,THE BLUE HEARTS
エインズレー・ダンバー,"マザーズ・オブ・インヴェンション, ジェファーソン・スターシップ, ホワイトスネイク, ジャーニー"
江川ゲンタ,山崎まさよし
江口信夫,
江島啓一,サカナクション
越一人,人生
エツコ,"ピンクパンダー, 少年ナイフ"
エットレ・リゴッティ,ディサルモニア・ムンディ
エデン東,ビジーフォー
衛藤浩一,THE GOOD-BYE
エド・ウドハス,ゼブラヘッド
エド・グラハム,ザ・ダークネス
江藤良人,orange pekoe
EBY,ZI:KILL
エリック・カー,KISS
エリック・シンガー,"ブラック・サバス, KISS"
エリック・ハーランド,
エルヴィン・ジョーンズ,
大石貴義,SPORTS
大石尚徳,JUSTY-NASTY
大内優 (ドラマー),ATOMIC TORNADO
大金ハルヤ,レベッカ
大北公登,cune
大口,"THE STAR CLUB, the 原爆オナニーズ"
大口広司,"ザ・テンプターズ, PYG"
大久保敦夫,
大久保宙,インディペンデント
大倉忠義,関ジャニ∞
大坂昌彦,
大島賢治,"THE HIGH-LOWS, SELKIE"
O-JIRO,PENICILLIN
太田明,筋肉少女帯
大竹茂,ズー・ニー・ヴー
大橋彩香,Poppin'Party
大古殿宗大,"HYDE, oblivion dust, BUG, The space cowboys, and more"
大間ジロー,"オフコース, A.B.C"
OKAZAKI,"M-AGE, AGE of PUNK, Lucy"
岡地曙裕,BO GUMBOS
オガワミチオ,THE HOMESICKS
オグ,セブンハウス
小倉誠司,flumpool
小黒哲也,WAG
長田昌之,Concerto Moon
小沢亜子,ZELDA
小田ヒトシ,ザ・スターリン
小田原豊 ,"レベッカ, DON'T LOOK BACK, ザ・ホーボーキングバンド"
岡本郭男,"愛奴, スペクトラム"
小澤浩史,LAST ALLIANCE
"小畑""PUMP""隆彦","すかんち, ポルノグラフィティ"
オマー・ハキム,ウェザー・リポート
オルヴェ・エイケモ,イモータル
カーマイン・アピス,ヴァニラ・ファッジ
カール・サンダース,
カールトン・バレット,ウェイラーズ
カール・パーマー,"エマーソン・レイク・アンド・パーマー, エイジア"
カールトン・バレット,ボブ・マーリー&ザ・ウェイラーズ
戒,the GazettE
カイ・ハフト,"ウィンターサン, スワロー・ザ・サン"
柿健一 ,STANCE PUNKS
梶谷雅弘,"KOHL, KELUN"
かしぶち哲郎,"はちみつぱい, ムーンライダーズ"
梶原徹也,"THE BLUE HEARTS, The 3peace, THE BIG HIP"
樫山圭,MOON CHILD
梶山剛,Hermann H.&The Pacemakers
GAZ,"MALICE MIZER, Kneuklid Romance"
KAZUKI,Due'le quartz
KAZUSHI,Kill=slayd
KAZUMI,LAREINE
Kazuya,Genius
勝本浩史,the PeteBest
桂,BAISER
加藤勲,
加藤健治,
加藤宏一,media youth
加藤茶,ザ・ドリフターズ
加藤英幸,BAKU
かどしゅんたろう,MR.ORANGE
金山慎太郎,クラッシュ・イン・アントワープ
金山典世,
金子ノブアキ,RIZE
Kami,MALICE MIZER
上条欽也,PENPALS
かみじょうちひろ,9mm Parabellum Bullet
上領謡子,界
上領亘,グラスバレー
亀井亨,GRAPEVINE
辛島孝治,SEAGULL SCREAMING KISS HER KISS HER
カレン・カーペンター,カーペンターズ
川内亨,12012
川上貴史,Keno
川口千里,川口千里
川島一秀,サンハウス
川西幸一,"ユニコーン, VANILLA, ジェット機"
川原洋二,Sound Schedule
川村恵里加,Whiteberry
"河村""カースケ""智康","椎名林檎, 星野源, Do As Infinity "
カワベ,JAGATARA
キース,ARB
キース・ヌードセン,ドゥービー・ブラザーズ
キース・ムーン,ザ・フー
菊住守代司,キャプテンストライダム
菊地英二,THE YELLOW MONKEY
菊地哲,"D'ERLANGER, CRAZE"
菊池直人,蝉時雨
菊池真人,Hermann H.&The Pacemakers
菊野晴泉,PINK SAPPHIRE
KISHI,"ズブロッカ, THE STAR CLUB"
木田高介,ジャックス
北尾一人,"ORANGE RANGE, KCB"
城戸愼哉,劇団四季
木村マモル,"スピニッヂ・パワー, 暴威"
木村万作,"プリズム, Far East Club Band"
KYO,Kneuklid Romance
kyosuke,ラヴィアンローズ
きりばやしひろき,叫ぶ詩人の会
工藤義弘,EARTHSHAKER
クハラカズユキ,"The Birthday, thee michelle gun elephant"
熊谷徳明,"トリックス, カシオペア"
熊丸久徳,"ZIG ZAG, THE TOPS, S.S.T.BAND, VoThM"
久米浩司,"マジック, BLACK CATS"
粂井宏昭,"SCREAMING SOUL HILL, AIR, Soma, KenKen of INVADERS, Micro"
クライド・スタブルフィールド,"ジェームスブラウン, JB's"
倉田博之,
倉内充,
倉澤圭介,PAMELAH
クリス・スレイド,"ザ・ファーム, AC/DC"
クリスチャン・ヴァンデ,マグマ
クリストファー・パーカー,スタッフ
車谷啓介,"New Cinema 蜥蜴, 三枝夕夏 IN db"
GRACE ,沢田研二バンド
グレゴリー・ハッチンソン,
グレッグ・エリコ,スライ&ザ・ファミリー・ストーン
グレッグ・ビソネット,
黒澤宏子,ブリッジ
黒澤摩璃子,Beaches
黒瀬蛙一,flow-war
黒沼征孝,WINO
ゲイリー・ハズバンド,
K-TA,PATCH WORK LIFE
ケニー・クラーク,
ケニー・ジョーンズ,
ケヴィン・ゴドレイ,"10cc, ゴドレイ&クレーム"
ゲン,紫苑
KENJI,"かまいたち, THE DEAD P☆P STARS"
KENJI,Wyse
ケンゾ(彩冷える),
小泉貴裕,KANA-BOON
小泉拓,クリープハイプ
航,"LOVE BELL BACK LINE, PE'Z"
Koichi,RAPES
KOUJI,THE STAR CLUB
KOUICHI,10-FEET
コーキー・レイング,マウンテン
コージー・パウエル,レインボウ
KO-HEY,Skoop On Somebody
國分建臣,"ハートバザール, はやぶさジョーンズ"
小西竜太郎,ヒルビリー・バップス
小沼達也,"レベッカ, レッド・ウォーリアーズ"
小沼俊昭,BARBEE BOYS
小橋琢人,FIELD OF VIEW
小林和弘,オオゼキタク
小林高夫,アナーキー
小林雅之,"JUN SKY WALKER(S, POTSHOT"
小柳昌法,リンドバーグ
斉藤光子,GO-BANG'S
斉藤リュータ,Unlimited Broadcast
サイモン・カーク,"フリー, バッド・カンパニー"
サイモン・フィリップス,TOTO
サイモン・ライト,"AC/DC, ディオ"
坂田伸一,サンハウス
坂井俊彦,tacica
﨑山龍男,スピッツ
sakura,"L'Arc〜en〜Ciel, ZIGZO"
桜井誠,Dragon Ash
櫻井雄一,"LUNKHEAD, ART-SCHOOL"
迫昌弘,サラブレンド
佐々木壱,ゼンマイ
佐々木康治,fra-foa
佐々木隆,カシオペア
ササキ・ユタカ,HELDEN TUM
ZAX,"Pay money To my Pain, The BONEZ"
SASSY,HIGH and MIGHTY COLOR
佐藤栄太郎,indigo la End
佐藤悦也,ヒルビリー・バップス
佐藤潤一,"Concerto Moon, Galneryus, SOH-BAND"
佐藤奏,
佐藤シンイチロウ,"KENZI&THE TRIPS, the pillows, The ピーズ"
佐藤貴志,サザーランド
佐藤浩,SUPER STUPID
佐野康夫,
SAMMY,JAGATARA
沢木優,THE POWERNUDE
ザッカリー・アルフォード,
ザック・スターキー,ザ・フーやオアシスのサポートメンバー
サム・ウッドヤード,デューク・エリントン・バンド
サンコンJr.,ウルフルズ
SANTA,Λucifer
サンディ・ウェスト,ランナウェイズ
ジード飯島大将,聖飢魔II
ジーノ秋山,"mambaboo, サボテン・ブルース・バンド"
椎野恭一,"AJICO, JUDE"
シーラ・E,
ジーン・クルーパ,ベニー・グッドマン楽団
ジェット・ブラック,ストラングラーズ
シェーン・ガラース,"コズモスクアッド, B'z"
ジェイモ,オールマン・ブラザーズ・バンド
ジェフ・ハミルトン,
ジェフ・バラード,
ジェフ・ポーカロ,TOTO
ジェフ・ワッツ,
シェリー・マン,
ジェレミー・ステーシー,キング・クリムゾン
ジェローム・ブレイリー,パーラメント
静海,蜉蝣
シド・カトレット,
柴田一郎,"かかし, ゆらゆら帝国"
柴田奈緒,DOODLES
渋谷憲,"Jack&Betty, SOURCE"
SHIHO,ステレオポニー
嶋田祐一,UP-BEAT
島村英二,
ジミー・コブ,
ジミー・ダイアモンド・ウィリアムズ,オハイオ・プレイヤーズ
ジミー原田,ジミー・エバンス & ヒズ・オーケストラ
ジム・ケルトナー,
ジム・ゴードン,
ジム・ホッダー,元スティーリー・ダン
ジャイアント吉田,"ザ・ドリフターズ, ドンキーカルテット"
ジャギ古川CAP,聖飢魔II
シャグラット,ディム・ボルギル
ジャッキー吉川,ジャッキー吉川とブルーコメッツ
ジャック・ディジョネット,ジャズ・フュージョン
shuji,Janne Da Arc
秀誉,D≒SIRE
Sugar,Vo Vo Tau
JUN,LADIES ROOM
淳士,"SIAM SHADE, BULL ZEICHEN 88"
Junpei Minami,DRUMKAN
JOE,"DASEIN, SEX MACHINEGUNS"
ジョーイ・クレイマー ,エアロスミス
ジョーイ・ジョーディソン,スリップノット
ジョージ川口,ジャズ
ジョージ・コリアス,ナイル
ジョージ・ブラウン,クール＆ギャング
ジョー・ジガブー・モデリスト,ミーターズ
ジョー・ジョーンズ,
ジョー・ドッジ,
ジョー・モレロ,
SHONO,ROUAGE
庄村聡泰,［Alexandros］
ジョニー吉長,ピンククラウド
ジョン・スタークス,ジャボ
ジョン・ハートマン,ドゥービー・ブラザーズ
ジョン・バーベイタ,ジェファーソン・スターシップ
ジョン・ハイズマン,コロシアム
ジョン・ボーナム,レッド・ツェッペリン
ジョン・マッケンタイア,"トータス, ザ・シー・アンド・ケイク"
白井雄介,キンモクセイ
白根賢一,ロッテンハッツ
神宮司治,レミオロメン
神保彰,"カシオペア, ジンサク, 熱帯JAZZ楽団, Synchronized DNA"
ジン,有頂天
shingo,カミカゼ少年團
SHINGO★KILLER,KILLERS
ジンジャー・フィッシュ,"マリリン・マンソン, ロブ・ゾンビ"
ジンジャー・ベイカー,クリーム
真太郎,UVERworld
真矢 ,LUNA SEA
Shinya,Dir en grey
菅井敏昭,マジック
菅沼孝三,手数王
杉本ユウ,SPEEDWAY
Zukejian,IN-HI
ZUZU,THE STREET SLIDERS
鈴木修見,"STRAWBERRY FIELDS, FI, WORLD WIDE LOVE"
鈴木さえ子,シネマ
鈴木英哉 ,Mr.Children
スズキ幹治,ザ・モップス
スタントン・ムーア,ギャラクティック
Zukejian,IN-HI
スチュワート・コープランド,
スティーブ・アシェイム,ディーサイド
スティーヴ・アリントン,スレイブ
スティーヴ・ワシントン,スレイブ
スティーヴ・ガッド,スタッフ
スティーヴ・ジャンセン,ジャパン
スティーヴ・ジョーダン,
スティーヴ・スミス,
スティーヴ・フェローン,アベレイジ・ホワイト・バンド
スペンサー・ドライデン,ジェファーソン・エアプレイン
スライ・ダンバー,スライ&ロビー
清野鉄平,ala
瀬崎順治,NANANINE
senoo ricky,"YeYe, 山本精一, 折坂悠太, 川本真琴"
千崎涼太,OSSaN
宗修司,"SOH-BAND, 渋さ知らズ"
そうる透,天童よしみ
外山明,松岡直也グループ
ソニー・エモリー,アース・ウィンド・アンド・ファイアー
ソニー・ペイン,カウント・ベイシー・バンド
ターキー,"GO!GO!7188, la la larks"
ダーク・ヴェルビューレン,"メガデス, ソイルワーク他"
太我,Non Stop Rabbit
"大古殿""FURUTON""宗大","オブリヴィオン・ダスト, BUG, nil"
大地大介,"BEYONDS, fOUL"
田井中貞利,P-MODEL
田浦楽 クリスタルレイク HONE YOUR SENSE,
田岡広宣,大事MANブラザーズバンド
タカオリ,チコチェアー
高木貴司,クリエイション
高木利夫,ジューシィ・フルーツ
田嶋悟士(ガガガSP),
高田政良,KUMACHI
高野真太郎,CHARCOAL FILTER
高橋勝美,KAITA
高橋久美子,チャットモンチー
高橋浩司,PEALOUT
高橋宏貴,ELLEGARDEN
高橋まこと,BOØWY
高橋幸宏,"サディスティック・ミカ・バンド, イエロー・マジック・オーケストラ"
高橋利克,喜納昌吉＆チャンプルーズ
高橋ロジャー和久,X-RAY
高村佳秀,BLUE ENCOUNT
鷹森泉,ケッタウェイズ
田切純一,JAYWALK
たくま,Syndrome
ダグ・クリフォード,クリーデンス・クリアウォーター・リバイバル
武井誠,cali≠gari
TAKEO,"PIERROT, Angelo"
Takeshi,"Valentine D.C., BUG"
田沢公大,SUPERCAR
田島一平,"pre-school, POTSHOT"
TASSHI,Aqua Timez
田々井悟,
TATTSU,"RED WORKER'z, MARIA"
田代信一,クリエイション
tax,MONKEY MAJIK
田中清司,"井上堯之バンド, 大野克夫バンド"
田中裕二,安全地帯
田中一光,"B'z,甲斐よしひろ"
"タナカ""ズィ〜レイ""レイジ",YOUR SONG IS GOOD
田辺純平,BUNGEE JUMP FESTIVAL
田辺健彦,S.S.T.BAND
谷口奈穂子,アンダーグラフ
田邊昭知,ザ・スパイダース
ダニー・セラフィン,シカゴ
ダニー・リッチモンド,
ダニエル・アデア,ニッケルバック
ダニエル・アーランドソン,アーチ・エネミー
ダニエル・スヴェンソン ,イン・フレイムス
ダニエル・ユメール,
玉田豊夢,100s
田村はるな,晴晴゛
タリム,"エンペラー, ザイクロン, エンスレイヴド"
ダン・スワノ,"エッジ・オブ・サニティ, ブラッドバス"
丹寧臣,
檀上尚居,Platinum Peppers Family
チト河内,"ザ・ハプニングス・フォー, CO-CóLO"
チェスター・トンプソン,
チェ・ミンファン,
チャーリー・パーシップ,
チャーリー・ワッツ,ローリング・ストーンズ
"チャールズ・""ハングリー""・ウィリアムズ",
チャック・バーギ,
チャド・スミス,Red Hot Chili Peppers
チャド・ワッカーマン,
チャンギート,ロス・ヴァン・ヴァン
CHOCO,ROMEO BLUE
Tsuki,Valentine D.C.
土屋薫,T.V.
Tsutomu,Kill=slayd
恒岡章,HI-STANDARD
恒田義見,村八分
つのだ☆ひろ,"サディスティック・ミカ・バンド, ジャックス"
角田美喜,SHOW-YA
鶴田加奈子,
鶴谷智生,
ティコ・トーレス,ボン・ジョヴィ
デイヴ・ウェックル,
デイヴ・グロール,ニルヴァーナ
デイヴ・ロンバード,"スレイヤー, グリップ・インク"
ティト・プエンテ,
デヴィッド・ガリバルディ,タワー・オブ・パワー
デスオ,P.I.MONSTER
TETSU,"ZI:KILL, BODY, CRAZE, D'ERLANGER"
TETSUJI,DEVELOP=FRAME
テッド・カークパトリック,TOURNIQUET
デニス・エリオット,"イフ, フォリナー"
デニス・チェンバース,
寺崎経幸,BOWL
寺田正美,スターダストレビュー
テリー・ボジオ,
D.O.I,SOURCE
土井耕太郎,RCサクセション
Do!藤崎,
徹,FANATIC◇CRISIS
Dr.涼,"Welsh BluesCP, 紅麗威甦, 抱きしめたい☆"
遠海准司,己龍
徳永善也,チェッカーズ
徳永義幸,SCARE CROW
俊美,BAISER
栃木孝夫,THE BOOM
トニー・アレン,
トニー・ウィリアムス,
トーマス・ラング,
トミー・アルドリッジ,"オジー・オズボーン, ホワイトスネイク, シン・リジィ"
トミー・スナイダー,ゴダイゴ
トミー・プライス,ジョーン・ジェット&ザ・ブラックハーツ
トミー・リー,
富田京子,プリンセス・プリンセス
TOMO,MASCHERA
TOMOYA,ONE OK ROCK
Tomoi,Laputa
トラヴィス・バーカー,ブリンク182
トレ・クール,グリーン・デイ
ドン・ブリューワー,グランド・ファンク・レイルロード
ドン・ヘンリー,イーグルス
ナイジェル・グロックラー,サクソン
NAO,BY-SEXUAL
NAO,L'luvia
Nao,アリス九號.
中幸一郎,"デミセミクエーバー, RittZ, CHARA, 布袋寅泰"
長井一郎,"GRANRODEOサポートメンバー, Ark Storm"
永井利光,GLAYサポートメンバー
永江由侍,Multi Colored Vox
中沢啓光,アウト・キャスト
中園浩之,FLYING KIDS
中田ケイゴ,"ザ・スターリン, NICKEY & THE WARRIORS, THE STAR CLUB, COBRA"
中畑大樹,"Syrup16g, VOLA&THE ORIENTAL MACHINE"
中村逸人,Sunflower's Garden
中村達也,"ザ・スターリン, NICKEY & THE WARRIORS, BLANKEY JET CITY, LOSALIOS, THE STAR CLUB, the 原爆オナニーズ"
中村貞祐,JAGATARA
中村優規,
中屋全次郎,SALLY
ナカヤマシンペイ,STRAIGHTENER
名越藤丸,アナーキー
灘友正幸,ルースターズ
natsu,Wyse
奈良崎幸司,Limited Express (has gone?
ナラダ・マイケル・ウォルデン,
ナル,baroque
ナヲ,マキシマムザホルモン
新居伸亮,"Juzzepry In Jap, Moonstompers"
新井田耕造,"RCサクセション, シャクシャイン, こまっちゃクレズマ, KIKI BAND, ヤプーズ"
ニール・パート,ラッシュ
ニコ・マクブレイン ,アイアン・メイデン
西浦真奈,羅針盤
西尾寛,カステラ
西田竜一,ノヴェラ
西森武史,INU
ニック・メイスン,ピンク・フロイド
ニック・メンザ,メガデス
にゃんごすたー,
ぬのかわしゅうじ,KOJIMA
NUMA,POTSHOT
沼澤尚,
NO FUN PIG,"ROCKA ROLLA, THE STAR CLUB"
野口薫,"GRiP, STRAY PIG VANGUARD, FAKE?, INORANサポートメンバー"
野口明彦,"シュガー・ベイブ, センチメンタル・シティ・ロマンス"
野崎真助,
野沢久仁子,ZELDA
野村光朗,ザ・ダイナマイツ
則竹裕之,"T-SQUARE, Synchronized DNA"
ハーリン・ライリー,
ハーヴィー・メイソン,
Hagi,PROPOSE
橋詰聡,ラピッドラビット
橋本章司,HOUND DOG
ハゼ,P2H
長谷川浩二,THE ALFEEサポートメンバー
長谷部徹,THE SQUARE
刃田綴色,東京事変
ハッチー・ブラックボウモア,デキシード・ザ・エモンズ
パット・トーピー,MR. BIG
パット・マステロット,
バディ・マイルス,
バディ・リッチ,
バーナード・パーディ,
ハナ肇,ハナ肇とクレージーキャッツ
はなぶさ竜介,
浜田省吾,愛奴
ハム,ホイフェスタ
林立夫,ティン・パン・アレー
林ゆたか,ヴィレッジ・シンガーズ
"原""GEN""秀樹",NORTHERN BRIGHT
原田イサム,"原田イサムとソフト・スティックス, 鈴木章治とリズム・エース, 秋満義孝クインテット, 宮間利之とニューハード, 世良譲トリオ等"
原田俊太郎,"THE SQUARE, 阿川泰子サポートメンバー"
原田裕臣,"ゴダイゴ, 井上堯之バンド, CO-CóLO"
パワー勝野,アラジン
ハワード・グライムス,ハイ・リズム
坂東慧,T-SQUARE
伴野健,羅針盤
東原力哉,"ナニワエキスプレス, 本多俊之ラジオクラブ等"
ハル・ブレイン,
B.J.ウィルソン,プロコル・ハルム
ピーター・アースキン,
ピーター・ウィルドアー,ダーケイン
ピーター・クリス,KISS
ピーター・テクレン ,ペイン
ピート・サンドヴァル,"モービッド・エンジェル, テロライザー"
ピート・ベスト,ビートルズ
ピート・ヨーク,
ピエール中野,凛として時雨
ピエール・ムーラン,ゴング
東佳樹,シエナ・ウインド・オーケストラ
東浦真一,INU
樋口晶之,"クリエイション, 萩原健一アンドレマルローバンド"
樋口宗孝,"LOUDNESS, レイジー, SLY"
英樹,"ArmeriA, JAM Project"
瞳みのる,ザ・タイガース
日野元彦,
ピップ・パイル,"ゴング, ハットフィールド・アンド・ザ・ノース"
HIDE,can/goo
響,摩天楼オペラ
ビョーン・イエロッテ ,イン・フレイムス
平本レオナ,ハスキング・ビー
平谷庄至,Kemuri
平山牧伸,大事MANブラザーズバンド
ビリー・コブハム,
ビリー・ヒギンス,
ビル・カーティス,ファットバック
ビル・クルーツマン,グレイトフル・デッド
ビル・スチュワート,
ビル・ブルーフォード,"イエス, キング・クリムゾン"
ビル・リーフリン,"ミニストリー, キング・クリムゾン"
HIRO,"THE STAR CLUB, 黒夢"
HIRO,Raphael
廣石恵一,クレイジーケンバンド
HIROKI,D
HIROSHI,CASCADE
広田周,TRIPLANE
広永鷹文,TRIDENTなど)
ファンキー末吉,"爆風スランプ, X.Y.Z.→A"
フィリー・ジョー・ジョーンズ,
フィル・コリンズ,"ジェネシス, ブランドX"
福岡晃子,チャットモンチー
福田健治,カステラ
藤井がちゃ彦,アンジー
藤井ヤスチカ,P-MODEL
藤岡麻美,CHEE'S
藤崎高寛,スナッパーズ
藤田浩司,
藤本健一,ZYYG
藤原幸広,OUTLAW
BUKKA,"THE STAR CLUB, the 原爆オナニーズ"
ブッチ・トラックス,オールマン・ブラザーズ・バンド
ふとがね金太,世良公則&ツイスト
ブライアン・ダウニー,シン・リジィ
ブライアン・ブレイド,
ブライアン・ベネット,シャドウズ
フランキー堺,
フリオ・キリコ,アルティ・エ・メスティエリ
BRITAIN,CURIO
古江俊裕,てつ100%
古橋トール,ビンゴボンゴ
フレッド・ホワイト,アース・ウィンド・アンド・ファイアー
フロスト ,"サテリコン, 1349"
フロ・モーニエ,クリプトプシー
Fuyu,RED DIAMOND DOGS
ベイビー・ドッズ,
ベヴ・ベヴァン,"ザ・ムーブ, エレクトリック・ライト・オーケストラ, ブラック・サバス"
ベニー・ベンジャミン,モータウン
pero,"Jelsarem's Rod, L'Arc〜en〜Ciel"
ポール・クック,セックス・ピストルズ
ポール・モチアン,
細川千弘,Shout it Out
ほな・いこか,"ゲスの極み乙女。, マイクロコズム"
ボハノン,
ボブ・ロンディネリ,レインボー
堀江毅,"LOOPUS, T4R"
堀江睦男,テラ・ローザ
堀尾哲二,Tops
堀之内大介,Base Ball Bear
ポール・ハンフリー,
本間大嗣,"ANTHEM, LOUDNESS, FLATBACKER"
本間友浩,カステラ
MAH,SHAKALABBITS
マービン・レノアー,
マイク・ビアード,バーケイズ
マイク・ポートノイ,ドリーム・シアター
マイケル・ジャイルズ,キング・クリムゾン
マイケル・シュリーヴ,サンタナ
マイケル河合,THE SQUARE
ムース・トーマス,ブレット・フォー・マイ・ヴァレンタイン
マイケル・ホサック,ドゥービー・ブラザーズ
牧野紘二,"ジャニーズJr, FIVE"
まこと,シャ乱Q
マコト・サカモト,ザ・ティアーズ
Mas Sawada,元世良公則とツイスト
MASAKing,茜
MASATO,HELLBENT/ASSFORT/ROSSO/SORROW
マシータ,"NATSUMEN, BEAT CRUSADERS"
升秀夫,BUMP OF CHICKEN
舛岡圭司,
MACHI,LAREINE
松岡昌宏,TOKIO
MAC,スケボーキング
マックス・ローチ,
松田晋二,THE BACK HORN
松田弘,"サザンオールスターズ, KUWATA BAND"
MAD大内,HEESEY WITH DUDES
松藤英男,甲斐バンド
松永明日斗,"松永俊弥の実子, 水樹奈々サポートメンバー"
松永俊弥,"パール兄弟, 水樹奈々サポートメンバー"
松本和良,
松本隆,はっぴいえんど
松本玲二,TUBE
松森英雄,寺内タケシとブルージーンズ
マモル・マヌー,ザ・ゴールデン・カップス
MAYUMI,DER ZIBET
マルクス・ヒルヴォネン,インソムニウム
丸山しんじ,DEEP'S
丸山晴茂,サニーデイ・サービス
MIE,D≒SIRE
御木惇史,
ミッキー・ディー,モーターヘッド
ミッキー・ハート,グレイトフル・デッド
ミック・エイボリー,キンクス
ミイダシンジ,THE HOMESICKS
MIZUHO,ZONE
道倉康介,ZARD
湊雅史,デッドエンド
みのすけ,"有頂天, 筋肉少女帯"
三原重夫,"ザ・スターリン, ルースターズ"
三村隆史,RAZZ MA TAZZ
宮ユキオ,ザ・ジャガーズ
宮上元克,THE MAD CAPSULE MARKETS
宮田繁男,"ORIGINAL LOVE, FIRST IMPRESSION"
宮野大介,インビシブルマンズデスベッド
宮脇“JOE”知史,"44MAGNUM, hide with Spread Beaver, ZIGGY, RIDER CHIPS"
三好真美,rumania montevideo
向山テツ,
牟田昌広,"SADS, ベッキー♪♯, 森友嵐士, 松井常松"
村井守,"GOING STEADY, 銀杏BOYZ"
村石雅行,"スキマスイッチ, アンジェラアキ, 森広隆"
村上“ポンタ”秀一,"赤い鳥, JAZZ MASTER"
村上寛,ネイティブ・サン
村上宏之,ブリザード
村瀬シゲト,村八分
村田勝美,フォーリーブスのバックドラマー
むらたたむ,"SORAMIMI, INSPION"
メルヴィン・パーカー,ザ・JBズ
メル・テイラー,ベンチャーズ
メル・ルイス,"ジャズ, サド・ジョーンズ・メル・ルイス楽団"
モーリン・タッカー,ヴェルヴェット・アンダーグラウンド
茂木欣一,"フィッシュマンズ, 東京スカパラダイスオーケストラ"
MOTOKATSU MIYAGAMI,THE MAD CAPSULE MARKETS
本木利尚,サーファーズオブロマンチカ
イクエ・モリ,DNA
森信行,くるり
森本繁,内山田洋とクール・ファイブ
矢尾拓也,パスピエ
ヤガミトール,BUCK-TICK
八木優樹,KEYTALK
ヤキ・リーベツァイト,カン
薬師神勝,HIGHWAY61
矢島敏郎,乱魔堂
ヤスカ・ラーチカイネン,チルドレン・オブ・ボドム
柳田英輝,ZEPPET STORE
ヤニ・ステファノヴィック,ディヴァインファイア
矢野博康,Cymbals
矢部浩志,カーネーション
山木秀夫,"スタジオ・ミュージシャン, 福山雅治サポートメンバー"
山口智史,RADWIMPS
山口昌人,FEEL SO BAD
山崎彰,LIFE ON EARTH
山下哲,Leap youth theatre
山田雅人,シュノーケル
山田亘,FENCE OF DEFENSE
山中綾華,Mrs. GREEN APPLE
山野敦子,少年ナイフ
ヤン・アクセル・ブロンベルク,"メイヘム, アークチュラス"
ヤンネ・パルヴィアイネン ,エンシフェルム、ワルタリなど
ユウ岡崎,キャロル
YUKI,BLue-B
YUSHI,COOL DRIVE
祐二,baroque
YUJI,"D-SHADE, as.milk"
YUICHI,麻波25
YUSUKE,GUNDOG
ゆうや,シド
yukihiro,"ZI:KILL, DIE IN CRIES, L'Arc〜en〜Ciel"
雪好 ,レピッシュ
YOSHIAKI,175R
YOSHIKI ,"X JAPAN, V2, globe extreme, Violet UK, S.K.I.N."
YO-HEY,SORROW
吉澤響,セカイイチ
吉田達也,ルインズ
吉田太郎,THE ALFEEサポート
吉田佳史,TRICERATOPS
芳垣安洋,"モダンチョキチョキズ, ROVO, DATE COURSE PENTAGON ROYAL GARDEN"
淀川由浩,"ジャニーズJr., Question?"
Yuji Niwano　,"LOVE HOUSE, BELLZLLEB"
ラーズ・ウルリッヒ,メタリカ
ライデン湯沢殿下,"聖飢魔II, RX, CANTA"
ラス・カンケル,
ラス・マキノン,タワー・オブ・パワー
リヴォン・ヘルム,ザ・バンド
リオン・テイラー,ベンチャーズ
リチャード・コフラン,キャラヴァン
リッキー・ローソン,イエロージャケッツ
リック・マロッタ,スティーリー・ダン
リッチー・ヘイワード,リトル・フィート
RINA,SCANDAL
笠浩二,C-C-B
りょういち,ジャパハリネット
りん,ネルソン・グレート
リンゴ・スター,ビートルズ
ルイス・A・マッコール,コンファンクシャン
RUKA,ナイトメア
レニ,ザ・ストーン・ローゼズ
レニー・ホワイト,トウェニーー・ナイン　
LEVIN,La'cryma Christi
ロイ・ヘインズ,ジャズ　
ロジャー・テイラー,クイーン
ロジャー・ホーキンス,フェイム・スタジオ
ロッキー・グレイ,"エヴァネッセンス, マシーナ"
ロナルド・シャノン・ジャクソン,"フリー・ジャズ, フリー・ファンク"
ロバート・ワイアット,"ソフト・マシーン, マッチング・モール"
ロバよしお,ビジーフォー
ロビー・マッキントッシュ,アベレイジ・ホワイト・バンド
ロルフ・ピルヴ,"ストラトヴァリウス, ソリューション .45"
ロン・ベック,タワー・オブ・パワー
和田ジョージ,フラワー・トラベリン・バンド
渡辺作郎,村八分
渡辺拓郎,藍坊主
渡辺純一,ザ・サベージ
渡辺豊,"HEMIS, 水樹奈々"
栗原寿,back number
河村吉宏,"ずっと真夜中でいいのに。, 水瀬いのり, 奥井雅美"