name,profile,country
アート・テイラー,"アート・テイラー（Art Taylor）ことアーサー・テイラー・ジュニア（Arthur S. Taylor, Jr., 1929年4月6日 – 1995年2月6日）は、アメリカ合衆国のハード・バップ・ジャズのドラマーおよびパーカッション奏者。ニューヨーク生まれ。ハード・バップやジャズの完成に貢献した。",1
アート・ブレイキー,アート・ブレイキー（Art Blakey、1919年10月11日 - 1990年10月16日）は、アメリカ合衆国のジャズドラマー。「ナイアガラ・ロール」（Niagara Roll）と呼ばれる特徴的なドラミング奏法で知られ、彼の功績は現在のジャズ界に多大な影響を与えた。,1
アイアート・モレイラ,アイアート・モレイラ（Airto Moreira、1941年8月5日 - ）は、ブラジルのミュージシャン。パーカッショニスト、ドラマー。サンタカタリーナ州生まれ。妻は歌手のフローラ・プリム。,1
アイ高野,アイ 高野（アイ たかの、1951年1月12日 - 2006年4月1日）は、日本の歌手、ドラマー。ソロではあい たかの名義で活動していた時期あり。本名、高野 元成（たかの もとなり）。日本のロック界の重鎮であった。愛称は、本名のもとなりからもっちん。55歳没。,0
会田一輝,,0
青木和義,,0
青木達之,青木 達之（あおき たつゆき、1966年8月15日 - 1999年5月2日）は、日本のミュージシャン、DJ。東京スカパラダイスオーケストラの元ドラマー。,0
青山純,青山 純（あおやま じゅん、1957年3月10日 - 2013年12月3日）は、東京都出身のドラマー。,0
赤間慎,,0
あき,,0
AKI,,0
秋田鋭次郎,,0
AKIHIKO,,0
アキヒロ,,0
秋山隆彦,,0
秋山幸広,,0
AKIRA,,0
Act.,,0
朝倉幸夫,,0
浅沼俊一,,0
浅野良治,"浅野良治（あさの りょうじ、1954年1月20日 - ）は、日本の音楽家。ロックバンド『ゴダイゴ』の元ドラマー。
ゴダイゴのギタリスト浅野孝已の弟。",0
麻生祥一郎,"麻生 祥一郎（あそう しょういちろう、1970年3月20日 - ）は、日本のドラマー、パーカッショニスト。
福岡県生まれ。血液型はA型。身長179cm。1990年から2000年まで「HUMMING BIRD」のドラマーとして活動。解散以降、多くのミュージシャンのライブ、レコーディングのサポート、音楽専門学校の非常勤講師などを務める。",0
アヒト・イナザワ,アヒト・イナザワ（1973年6月6日 - ）は、日本のミュージシャン。福岡県糟屋郡須恵町出身。向井秀徳、田渕ひさ子、中尾憲太郎と結成したナンバーガール（ドラム担当）でデビューし、上京。ナンバーガール解散後は、向井とZAZEN BOYS（ドラム担当）を結成したが、2004年12月30日のライブ（COUNTDOWN JAPAN04/05）を最後に脱退。その後VOLA & THE ORIENTAL MACHINEを結成し、ボーカル・ギターを担当。それに平行して再結成されたBEYONDSにドラムとしても加入、2011年8月5日脱退。,0
阿部薫,阿部 薫（あべ かおる、1959年1月11日 - ）は、日本のドラマー、スタジオ・ミュージシャン、写真家。東京都港区新橋出身。男性。,0
阿部耕作,,0
安倍元彰,,0
新井康徳,,0
荒川浩士,,0
荒川康伸,,0
荒木康弘,,0
あらきゆうこ,"あらき ゆうこ（1974年2月21日 - ）は、日本のミュージシャン、ドラマー。鳥取県出身。
ソロ・プロジェクトmi-guや、様々なバンドのサポートドラマーとして活動している。",0
ARASE,,0
アラン・ホワイト,"アラン・ホワイト（Alan White、1949年6月14日 - 2022年5月26日）は、イングランド出身のロック・ミュージシャン、ドラマー。
プログレッシブ・ロック・バンド「イエス」のメンバーとして知られる。また、イエスに在籍する前に「ビートルズ」のメンバーのソロ・アルバムや様々なセッションに参加した実績を持つ。
ローリング・ストーン誌選出「歴史上最も偉大な100人のドラマー」第35位。2017年、イエス名義で『ロックの殿堂』入り。",1
有田賢,,0
アル・ジャクソン,,1
アール・パーマー,"アール・パーマー (Earl Cyril Palmer, 1924年10月25日 – 2008年9月19日)は米国のドラマーであり、ロックンロールを生み出したプレイヤーの一人と言われる。2000年にロックの殿堂入りを果たしている。
パーマーは、歴史上最も活躍したスタジオ・ミュージシャンの一人と言われており、リトル・リチャードやファッツ・ドミノのほぼ全てのヒット曲を始め、ライチャス・ブラザーズの”You've Lost That Lovin' Feelin'”や無数のテレビや映画のサウンドトラックなど、数千に及ぶレコーディングでプレイしている。ある訃報記事は「彼のプレイした曲のリストは、過去60年間のアメリカのポピュラー音楽の紳士録のようである」と評している。",1
アル・フォスター,アル・フォスター（Al Foster、1943年1月18日 - ）は、アメリカ合衆国・バージニア州リッチモンド生まれのジャズ・ドラマー。,1
アレックス・アクーニャ,アレックス・アクーニャ（Alex Acuña）、本名アレハンドロ・ネシオスープ・アクーニャ（Alejandro Neciosup Acuña、1944年12月12日 - ）は、ペルー出身のドラマーでパーカッショニスト。,1
アレックス・ヴァン・ヘイレン,"アレックス・ヴァン・ヘイレン（Alex van Halen、本名：Alexander Arthur van Halen、1953年5月8日 - ）は、アメリカのドラマー、音楽家。ハードロックバンド、ヴァン・ヘイレンのドラマーで、同バンドのギタリストのエドワード・ヴァン・ヘイレンは実弟。姓はオランダでは「ファン・ハーレン」と読むが、この兄弟に関してはオランダ生まれながら英語読みの「ヴァン・ヘイレン」が一般化したようである。
オランダのナイメーヘン生まれ。父親はオランダ人、母親はインドネシア系である。1962年にアメリカに移住。ヴォルフガング・ヴァン・ヘイレンは甥に当たる。身長183cm。
「ローリング・ストーン誌の選ぶ歴史上最も偉大な100人のドラマー」において32位。",1
アレックス・スペンス,,1
アンダース・ヨハンソン,アンダース・ヨハンソン (Anders Johansson 1962年5月25日 - )は、スウェーデン・ヨーテボリ生まれのヘヴィメタル・ドラマー。父はジャズピアニストのヤン・ヨハンソン、実弟はフィンランドのパワーメタルバンド「ストラトヴァリウス」のキーボーディスト・イェンス・ヨハンソン。,1
アンディ・スターマー,アンディ・スターマー（Andy Sturmer、1965年3月11日 - ）は、アメリカ合衆国のミュージシャン、作曲家、ソングライター、音楽プロデューサー。彼はビートニク・ビーチという音楽バンドの結成メンバーであり、そのバンドはジェリーフィッシュの前身バンドである。,1
アンディ・ニューマーク,アンディ・ニューマーク（英語: Andy Newmark、1950年7月14日 - ）は、アメリカ合衆国の白人ドラマーである。,1
アンディ・ビューズ,,1
アンドリュー・マカロック,アンドリュー・マカロック（Andrew McCulloch、1945年11月19日 - ）は、イングランド出身の元ドラマー、ヨット指導者（ヨットマスター）およびセーリング競技指導者、実業家。別名アンディ・マカロック（Andy McCulloch）。,1
アンディ・ウォード,アンディ・ウォード（Andy Ward、1952年9月28日 - 、イングランド・エプソム出身）は、イングランドのプログレッシブ・ロック・ドラマーである。,1
アントニオ・サンチェス,"アントニオ・サンチェス（Antonio Sánchez、1971年11月1日 - ）は、メキシコ系アメリカ人のジャズ・ドラマーにして作曲家であり、ジャズ・ギタリストであるパット・メセニーとの仕事で最もよく知られている。
2014年、アレハンドロ・ゴンサレス・イニャリトゥ監督の映画『バードマン あるいは（無知がもたらす予期せぬ奇跡）』のオリジナル・スコアを担当して、その人気が高まった。サウンドトラック・アルバムは、2014年10月14日にリリースされた。このスコアにより、「ゴールデングローブ賞 作曲賞」と「英国アカデミー賞 作曲賞」にノミネートされ、「放送映画批評家協会賞 作曲賞」と「サテライト賞 作曲賞」を獲得した。",1
アントン・フィグ,アントン・フィグ（Anton Fig、1952年8月8日 - ）は、南アフリカ・ケープタウン出身のドラマー、打楽器奏者。,1
イアン・ウォーレス,イアン・ラッセル・ウォーレス（英語: Ian Russell Wallace、1946年9月29日 - 2007年2月22日）は、イングランド出身のミュージシャン。ドラマー。キング・クリムゾンの元メンバーであり、またボブ・ディランなど多くのミュージシャンとセッション活動を行った。,1
イアン・ペイス,"イアン・ペイス（Ian Paice, 本名 Ian Anderson Paice, 1948年6月29日 - ）は、イングランド出身のロックミュージシャン、ドラマー。ハードロックバンド、ディープ・パープル唯一のオリジナル・メンバー。1960年代からロック・シーンの第一線で活動を続け、ディープ・パープルの他にも数多くのバンドで演奏した業界の第一人者として知られる。身長170cm。サングラスがトレードマーク。
「ローリング・ストーン誌選出「歴史上最も偉大な100人のドラマー」9位。2016年、ディープ・パープルの一員としてロックの殿堂入りを果たした。",1
イェスパー・ストロムブラード ,"クラス・ホーカン・イェスパー・ストロムブラード(Clas Håkan Jesper Strömblad、1972年11月28日 - )は、スウェーデン、イェーテボリ出身のヘヴィメタルミュージシャン。主にイン・フレイムスや、ディメンション・ゼロなどに於けるギタリストとしての活動で著名。現在はサイラ、ザ・ヘイロー・エフェクトのギタリストとして活動している。また、ギター以外にもベースやドラムス、キーボードも演奏し、マルチプレイヤーとしても知られる。
2004年にギターワールド誌の『GUITAR WORLD's 100 Greatest Heavy Metal Guitarists Of All Time』では、イン・フレイムスで同僚のビョーン・イエロッテと共に、70位に選出された。これは、メロディックデスメタル系のギタリストとしては最上位である。",1
飯泉良平,,0
五十嵐公太,五十嵐 公太（いがらし こうた、1963年1月17日 - ）は、日本のドラマー。神奈川県川崎市出身。桐蔭学園高等学校、武蔵大学社会学部卒業。血液型はO型。元JUDY AND MARY、T.V.のメンバー。スタジオ・ミュージシャンとして活動。洗足学園音楽大学 音楽学部（ロック&ポップス）ドラムコース講師。,0
池畑潤二,池畑 潤二（いけはた じゅんじ、1958年10月20日 - ）は、日本のドラマー。福岡県大牟田市生まれ、福岡県北九州市若松区出身。,0
Isao Cato,"Isao Cato（いさお かとう、1982年 - ）は、日本のドラマー、パーカッション奏者。
東京都練馬区出身。血液型はA型。JAPA Blocoの打楽器隊総責任者、森下玲可のステージドラマー、スタジオ・ミュージシャンとしても活動。ブラジルのEscola de Sambaを領域に研究、執筆活動を行なっている。楽器メーカーZildjain、ASPR、Conteporânea、Lerniのエンドーサー。ブラジル連邦共和国・サンパウロのソウザリマ音楽大学のNúcleo de Percussão SL ドラム科、パーカッション科出身。ドラマーの東原力哉に師事。",0
石井智,,0
石川晶,石川 晶（いしかわ あきら、1934年11月10日 - 2002年2月10日）は、日本のジャズ・ドラマー、スタジオ・ミュージシャン。,0
石川広志,石川 広志（いしかわ ひろし、1960年（昭和35年）6月22日 - ）は、日本の打楽器奏者。千葉県柏市在住、長崎県長崎市（実家は時津町）出身。11歳から打楽器を始め、吹奏楽団、交響楽団、ビッグバンドを経て、現在スタジオミュージシャンとして活躍中。ファンや仲間内では「チョーさん」や「ミック」の愛称で親しまれている。,0
石川雅春,,0
石塚明彦,,0
泉川直毅,,0
白水,,0
礒田良雄,,0
伊地知潔,,0
Ichi-low,,0
伊藤薫,伊藤 薫（いとう かおる、1954年4月10日 - ）は、日本のドラマー、舞台監督。福岡県出身、身長183cm、血液型O型。なお、「ラヴ・イズ・オーヴァー」などで知られる作詞家・作曲家の伊藤薫とは同姓同名の別人。,0
伊藤大助,,0
伊藤大地,伊藤 大地（いとう だいち、1980年3月8日 - ）は、日本のドラマーである。東京都出身。,0
乾純,,0
井上正,,0
猪俣猛,猪俣 猛（いのまた たけし、1936（昭和11）年2月6日 - ）は、兵庫県宝塚市出身のジャズドラマー。楽器はヤマハを使用。,0
伊吹文裕,伊吹 文裕（いぶき ふみひろ、1990年8月27日 - ）は、日本のドラマー。北海道帯広市出身。O型。,0
今井義頼,,0
今川ツトム,,0
今村舞,今村 舞（いまむら まい、1975年8月14日 - ）は、日本のドラマー。福岡県出身。SUPER EGG MACHINEの元メンバー。血液型はO型。愛称はまいまい。,0
IWASAKI,,0
岩田ガンタ康彦,岩田 ガンタ康彦（いわたガンタやすひこ、1962年12月7日 - ）は、日本のミュージシャン、ドラマー。福井県出身。,0
岩田裕二,,0
インゴ・シュヴィヒテンバーグ,インゴ・シュヴィヒテンバーグ（Ingo Schwichtenberg、インゴ・シュヴィヒテンベルク 1965年5月18日 - 1995年3月8日）は、ドイツ・ハンブルク出身の元ドラマー。ジャーマンメタルバンドとして有名なハロウィンで活躍した。,0
上田雅利,上田 雅利（うえだ まさとし、1950年10月2日 - ）は、チューリップのドラマー。福岡県福岡市出身。,0
植田芳暁,植田 芳暁（うえだ よしあき、本名・大串 安広、1948年2月7日 - ）とは、神奈川県横浜市生まれ、川崎市育ちのミュージシャン、ドラマー、ギタリスト、コーラスアレンジャー。バンドグループ「加瀬邦彦とザ・ワイルドワンズ」のメンバーである。 愛称は「ワタリ」（GSブーム時）、「がしあき」。,0
上野智代,,0
上原彰兼,上原 彰兼（うえはら あきかね、1983年8月27日 - ）は日本のミュージシャン、ドラマー。通称はあっくん、どら息子。元ロードオブメジャーのメンバーである。現在はOne love for peaceという5人組バンドに所属している。血液型はAB型。沖縄県那覇市出身。,0
上原裕,上原 裕（うえはら ゆたか、1953年12月14日 - ）は、日本のミュージシャン（ドラマー）。,0
ヴァーネル・フォーニア,"ヴァーネル・フォーニア（Vernel Fournier, 1928年 - 2000年11月7日）はアメリカのジャズ・ミュージシャン、ドラマー。
アメリカ合衆国ルイジアナ州ニューオーリンズ生まれ。
1950年代後半、ピアニストのアーマッド・ジャマル率いるトリオのドラマーとして活躍。
ジャズ・ミュージシャンとしてはさほど有名ではないが、ジャズ・ドラマーのあいだではブラシの名手としてリスペクトされている。",1
ヴァージル・ドナッティー,,1
ヴァルグ・ヴィーケネス,"ヴァルグ・ヴィーケネス (Varg Vikernes、ノルウェー語: [ˈʋɑrɡ ˈʋiːkəɳeːs]、1973年2月11日 - )は、ノルウェーのミュージシャン、作家、殺人犯、元受刑者。出生名は、クリスティアン・ラーション・ヴィーケネス (Kristian Larsson Vikernes)であり、後にVargに改名している。また、現在の法的な名前は、ルイ・カシェ (Louis Cachet)。音楽活動では、カウント・グリシュナック (Count Grishnackh)と名乗っている。日本では、カウント・グリシュナックか、名前の英語読みのヴァーグ・ヴァイカーネスと書かれる事が多い。
1991年にソロプロジェクトのバーズムを結成し、ノルウェーの初期ブラックメタルシーンでの中心的な存在となる。伝えられるところによれば、1992年、少なくともノルウェーのキリスト教の教会の3棟の焼失に、ノルウェーブラックメタルシーンのメンバーらと共に関わっていたとされる。1993年初頭、ヴィーケネスはバーズムのアルバム4枚分の楽曲と、メイヘムの1stアルバム『De Mysteriis Dom Sathanas』のレコーディングに携わっている。同年8月10日に、メイヘムのギタリスト、ユーロニモス（オイスタイン・オーシェト）が刺殺され、ヴィーケネスが殺人罪で逮捕・起訴された。1994年5月、ヴィーケネスはユーロニモスの殺人と教会への放火罪によって、懲役21年の判決を受けた。ヴィーケネスは、ユーロニモスの殺人については正当防衛を主張し、教会への放火については自身の責任を否定している。
刑務所に収監されている間、""オダリズム""の信奉団体・Heathen Frontに加入し、ゲルマン民族のペイガニズムに関する本を数冊出版している。更に、ヴィーケネスはダーク・アンビエントアルバム2枚をバーズムのアルバムとしてリリースている。約15年の服役を経て、ヴィーケネスは2009年初頭に仮釈放された。釈放後、ヴィーケネスは妻子とともにフランスに移住。移住後は音楽活動を再開し、作家活動も続けている。ヴィーケネスは作家活動を通じて、ネオ＝フェルキシュ・イデオロギー（オダリズム）の奨励を行っている。このイデオロギーは、白人ヨーロッパ人が再び取り入れるべき""ヨーロッパ人本来の価値観""という考えを基礎にしている。そこには、伝統的なペイガニズムの要素も含まれている。そして、ヴィーケネスはホワイト・ナショナリズムや社会保守主義、生存主義を主張している。",1
ヴィットーリオ・シクバルディ,"ヴィットーリオ・シクバルディ（Vittorio Sicbaldi）は、イタリアのジャズのドラマー。
イタリア・サルデーニャ州カリャリ出身。",1
ヴィニー・アピス,ヴィニー・アピス（Vinny Appice 、1957年9月13日 - ）は、アメリカのロック・ドラマー、作曲家。ブラック・サバス、ディオなどでの活動で有名。ヴァニラ・ファッジ、ベック・ボガート & アピス、キング・コブラ等で活躍したカーマイン・アピスの実弟。,1
ヴィニー・カリウタ,"ヴィニー・カリウタ（Vinnie Colaiuta、1956年2月5日 - ）は、イタリア系アメリカ人のドラマー。ロサンゼルスを拠点に活動中。
「ローリング・ストーン誌の選ぶ歴史上最も偉大な100人のドラマー」において14位。",1
ウィリー・ボボ,"ウィリー・ボボ（Willie Bobo、本名:William Correa、1934年2月28日 - 1983年9月15日）は、アメリカのラテンジャズ・パーカッショニスト。コンガやティンバレスの演奏者。
息子のエリック・ボボ（エリック・コリア）はサイプレス・ヒルのメンバー。",1
ヴェサ・ランタ,ヴェサ・ランタ (Vesa Ranta、1973年7月20日 - ）は、フィンランドのヘヴィメタルミュージシャン（ドラマー）、写真家、グラフィックデザイナー（イラストレーター）。ヘヴィメタルバンド、センテンストのドラマーとして著名。,1
ウォーレン・カン,,1
ウガンダ・トラ,"ウガンダ・トラ（本名：佐藤 信一郎（さとう しんいちろう）、1952年6月6日 - 2008年5月31日）は、日本のタレント、ドラマー。『ビジーフォー』元メンバー。身長175cm、体重120kg。
東京都港区六本木出身。渡辺プロダクション→アミー・パーク所属。芸名は、容姿が似ていたウガンダのイディ・アミン元大統領に由来するが、それ以外にウガンダ共和国との接点はない。",0
内田武瑠,,0
内田稔,"内田 稔（うちだ みのる、1927年3月18日 - 2018年4月2日）は、日本の俳優・声優。本名は同じ。
岡山県倉敷市出身。岡山縣倉敷工業學校（現・岡山県立倉敷工業高等学校）機械科卒業。文学座を経て、劇団昴に所属。
妻は同じく昴所属の女優の新村礼子（2011年死別）。",0
宇津本直紀,"宇津本 直紀（うづもと なおき、NAOKI UZUMOTO、1967年3月29日 - ）は、日本のドラマー、作曲家、作詞家、音楽プロデューサー、専門学校講師。
山口県岩国市美和町出身。
明治大学政治経済学部卒業。",0
宇乃かつを,宇乃 かつを（うの かつを、1966年6月9日 - ）は、神奈川県出身の日本のミュージシャン。担当分野は、作曲、編曲、演奏にて、主に劇伴の制作。ギター、キーボード、シンセサイザー、デジタル・オーディオ・ワークステーション、ドラムセット、ボーカル、指揮、音楽監督など。,0
宇野忠,,0
うめ,,0
浦田賢一,,0
浦山一悟,,0
ウリ・カッシュ,ウリ・カッシュ（Ulrich Kusch、ウルリヒ・クッシュ 1967年3月11日 - ）は、ドイツ・アーヘン出身のヘヴィメタル系列のドラマー。ガンマ・レイ、ハロウィン、マスタープランなどに参加した。身長181cm。,1
鋭葵,,0
エイドリアン・アーランドソン ,"エイドリアン・アーランドソン (Adrian Erlandsson、1970年10月27日 - )は、スウェーデン・マルメ出身のミュージシャン、ドラマー。アット・ザ・ゲイツやクレイドル・オブ・フィルス等での活動で有名。現在まで、さまざまなバンドに参加している。
アーチ・エネミーやカーカスで活動するドラマー、ダニエル・アーランドソンは実弟。",1
英竜介,,0
エインズレー・ダンバー,"エインズレー・ダンバー (Aynsley Dunbar、1946年1月10日 - )は、イギリス人ドラマー。本名は、エインズレー・トーマス・ダンバー(Aynsley Thomas Dunbar)。ジョン・メイオール&ザ・ブルースブレイカーズ、ザ・マザーズ・オブ・インヴェンション、ジェファーソン・スターシップ、ホワイトスネイク、ジャーニーなど錚々たるビッグネームのバンドで活躍したベテランである。抜群のリズムキープ力と音数の多さ、相反するヘヴィなヒッティングが特徴。
「ローリング・ストーン誌の選ぶ歴史上最も偉大な100人のドラマー」において27位。
2017年4月17日、ジャーニーの元メンバーとしてロックの殿堂入りした。",1
江川ゲンタ,,0
江口信夫,江口 信夫（えぐち のぶお、1958年10月5日 - ）は、日本のドラマー、音楽プロデューサー、作曲家、編曲家。東京都出身。フェイス音楽出版所属。血液型はAB型。,0
江島啓一,,0
越一人,,0
エツコ,,0
エットレ・リゴッティ,"エットレ・リゴッティ (Ettore Rigotti、1979年4月24日 - )は、イタリアのヘヴィメタルミュージシャン、音楽プロデューサー、レコーディング・エンジニア。主にメロディックデスメタル等のヘヴィメタルの分野で活動している。
ミュージシャンとしては、ボーカル、ギター、ベース、キーボード、ドラムスを演奏するマルチプレイヤーである。また、後述のように、音楽エンジニアとしての面も持ち、作曲家や編曲家としても活動している。
トリノにあるレコーディング・スタジオ、The Metal Houseのオーナーであり、レコードレーベルのコロナー・レコードのオーナーでもあるなど、経営者としても活動している。また、過去にはdB Studioというレコーディング・スタジオを所有していた。",1
エデン東,,0
衛藤浩一,衛藤浩一 （えとう こういち、1963年6月8日-）は、日本のドラム奏者。THE GOOD-BYEのドラマー、ボーカル。フォトグラファー。大分県出身。身長・160cm、体重・47kg、血液型・AB型。 既婚。一女の父。 愛称は「こーちゃん」、「スマープ」。,0
エド・ウドハス,,1
エド・グラハム,"エド・グラハム（Ed Graham、本名：Edwin James Graham、1977年2月20日 - ）は元ザ・ダークネスのドラマーである。イギリス・ノーフォークのグレート・ヤーマス出身。メンバーであるホーキンス兄弟とは学友である。
ホーキンス兄弟が電話でベネズエラからフランキー・ポーレインを呼び戻した後に、当時他のバンドに籍を置いていたエドがホーキンス兄弟からの電話を受け、「ザ・ダークネス」結成に至った。",1
江藤良人,江藤 良人（えとう よしひと、1973年4月14日 - ）は三重県出身のドラマー。,0
EBY,,0
エリック・カー,ポール・チャールズ・キャラヴェロ（Paul Charles Caravello、1950年7月12日 – 1991年11月24日、ニューヨーク・ブルックリン出身）はアメリカのミュージシャン、ドラマー。1981年から死去までエリック・カー（Eric Carr）の芸名でキッスのメンバーとして活躍した。,1
エリック・シンガー,"エリック・シンガー（Eric Singer、1958年5月12日 - ）は、アメリカ合衆国オハイオ州クリーブランド出身のロック・ミュージシャン、ドラマー。
HR/HMの分野で幅広く活躍。非常に多くのミュージシャンと仕事をしているが、特にキッスでの活動で有名。",1
エリック・ハーランド,,1
エルヴィン・ジョーンズ,エルヴィン・ジョーンズ（Elvin Jones、1927年9月9日 - 2004年5月18日）は、アメリカのジャズ・ミュージシャン、ドラム奏者。,1
大石貴義,,0
大石尚徳,,0
大内優 (ドラマー),,0
大金ハルヤ,,0
大北公登,,0
大口,,0
大口広司,大口 広司（おおぐち ひろし、1950年11月28日 - 2009年1月25日）は、埼玉県出身で1960年代を代表するグループ・サウンズ『ザ・テンプターズ』およびウォッカ・コリンズのドラマー。その後は俳優業へ転身する傍ら、一時は服飾デザイナーとしても活動した。,0
大久保敦夫,大久保 敦夫（おおくぼ あつお、1964年4月11日 - ）は、日本のドラマー。,0
大久保宙,大久保 宙（おおくぼ ひろし、1975年 - ）は日本の打楽器奏者。ニックネームはちゅうさん。,0
大倉忠義,大倉 忠義（おおくら ただよし、1985年〈昭和60年〉5月16日 - ）は日本の歌手、ドラマー、俳優、タレント。大阪府東大阪市出身。ジャニーズ事務所所属。関ジャニ∞のメンバーであり、主にドラムを担当している。,0
大坂昌彦,大坂 昌彦（おおさか まさひこ、1966年9月28日 - ）は、秋田県横手市出身のジャズドラマー。,0
大島賢治,大島 賢治（おおしま けんじ、1964年12月30日 - ）は、東京都小金井市出身のドラマー。忌野清志郎 & 2・3'SやTHE HIGH-LOWSのメンバーとしても知られる。現在はセッションドラマーや音楽プロデューサー・作曲家・アレンジャーとしても活動中。愛称は「おーちゃん」。サッカー好き。使用機材やグッズにはイニシャルから「KO」ロゴが使用される。,0
O-JIRO,,0
太田明,,0
大竹茂,,0
大橋彩香,"大橋 彩香（おおはし あやか、1994年9月13日 - ）は、日本の女性声優、歌手、ドラマー。
埼玉県浦和市（現さいたま市）出生、東京都出身。ホリプロインターナショナル（事務所）、ランティス（レコードレーベル）に所属。
代表作に『アイカツ!』シリーズ（紫吹蘭、香澄夜空、明日香ミライ）、『アイドルマスター シンデレラガールズ』（島村卯月）、『ドキドキ!プリキュア』（ランス）、『BanG Dream!』（山吹沙綾）、『マギアレコード 魔法少女まどか☆マギカ外伝』（秋野かえで）、『ウマ娘 プリティーダービー』（ウオッカ）などがある。",0
大古殿宗大,,0
大間ジロー,大間 ジロー（おおま ジロー、本名：大間 仁世（おおま ひとせ）、1954年5月14日-　）は、日本のドラマー・音楽プロデューサー。オフコースの元メンバー。通常は通名の「ジロー」を名乗っているが、作詞・作曲のクレジットでは本名の「大間仁世」を名乗っている。カノウプスのドラムセットを使用。身長165cm。,0
OKAZAKI,,0
岡地曙裕,,0
オガワミチオ,,0
オグ,,0
小倉誠司,,0
小黒哲也,,0
長田昌之,,0
小沢亜子,,0
小田ヒトシ,,0
小田原豊 ,小田原 豊（おだわら ゆたか、1963年2月6日 - ）は、埼玉県浦和市（現：さいたま市）出身のドラマー・プロデューサー。血液型はB型。,0
岡本郭男,"岡本 郭男（おかもと あつお、1955年12月14日 - ）は、京都府舞鶴市出身のドラマー、スタジオ・ミュージシャンである。
ヤマハネム音楽院（現 ヤマハ音楽院）中退。19歳の時に浜田省吾に誘われ、「愛奴」でデビュー。解散後、スタジオ・ミュージシャンとして活動開始。松山千春、チェリッシュらのレコーディングやライブ・サポート等を経て、「スペクトラム」に参加。スペクトラム解散後は、スタジオやライブ・サポートの場面で活動しながら、「AB'S」を結成、1990年代には「THE TRIPLE X」に参加。2007年からはブラス・ロックバンド「BLUFF」、2009年にはSHŌGUN（参加当時はSHŌGUN STYLE名義）に参加するなど、バンド活動も続けている。フリースピリット音楽芸能学園のドラム科講師を務めるなど、後進の育成にも力を注いでいる。",0
小澤浩史,,0
"小畑""PUMP""隆彦",,0
オマー・ハキム,"オマー・ハキム（Omar Hakim、1959年2月12日 - ）は、アメリカのドラマーである。
ニューヨーク生まれ。父親は、デューク・エリントンやカウント・ベイシーなどのスウィング・バンドでトロンボーンを吹いていたハサーン・ハキム（Hasaan Hakim）。幼い頃から演奏を始める。マーカス・ミラーとは、少年時代からの友人。甲高い音にチューニングしたスネアドラム、手数の多いドラミング、他の演奏者と「一緒にグルーブしたい」志向が特徴。最近使用しているエレクトリックドラムは、ローランド製。",1
オルヴェ・エイケモ,"オルヴェ・エイケモ (Olve Eikemo、1973年6月27日）は、ノルウェーホルダラン県オス市リーセフィヨルド出身のヘヴィメタルミュージシャン。ステージネームのアバス・ドゥーム・オカルタ (Abbath Doom Occulta)としても知られ、ブラックメタルバンド・イモータル (Immortal)の結成メンバーとして著名。イモータル結成前には、後にイモータルを結成するハーラル・ナエヴダルと、オールド・フューネラル (Old Funeral)というデスメタルバンドで活動していた。また、オールド・フューネラルでの活動中にハーラルが中心メンバーだったアンピュテイションにオルヴェが加入している。
主にギタリストとして活動しているが、ドラマーとしても力量があり、イモータルのアルバム『Pure Holocaust』、『Battles in the North』でドラムスを担当している。2015年にイモータルが解散したのちには、アバス (Abbath)の名前の新バンドを結成し活動することが発表された。
2015年 LOUD PARK 15にて、初来日を果たす。",1
カーマイン・アピス,カーマイン・アピス（Carmine Appice、1946年12月15日 - ）は、アメリカ合衆国出身のロックミュージシャン、ドラマー。個性的なロックフィルを生み出し、ジョン・ボーナムやコージー・パウエル、ロジャー・テイラー、フィル・コリンズら後進のドラマーに影響を与えた。2016年3月31日付「ローリング・ストーン誌の選ぶ歴史上最も偉大な100人のドラマー」において28位。,1
カール・サンダース,カール・サンダース (Karl Sanders、1964年6月5日 - )は、アメリカ合衆国サウスカロライナ州グリーンビル郡グリーンビル出身のヘヴィメタルミュージシャン。テクニカルデスメタルバンド・ナイルの中心人物として著名。主にボーカリスト、ギタリストとして著名であるが、ベースやドラムスなどのバンド関係の楽器や、サズ、ブズーキなどの民族楽器も演奏することのできるマルチプレイヤーである。現在、ディーンと契約しており、KxK Guitarsには2本のシグネイチャーモデルがある。また、同人物が中心の同名のアンビエントプロジェクトも存在する。,1
カールトン・バレット,"カールトン・“カーリー”・バレット（Carlton ""Carly"" Barrett, 1950年 - 1987年4月17日）は、ジャマイカ生まれのミュージシャン。ボブ・マーリー&ザ・ウェイラーズのメンバー(ドラマー)として知られている。ウィンストン・グレナンによって創作されたとされるワン・ドロップ(one drop)をはじめ、様々なレゲエドラムのスタイルを大衆化した。また、彼のドラムと兄(Aston ""Family Man"" Barrett)のベースによるリズムセクション(""Barrett Brothers"")のスタイルは、その後世界各地に広まったレゲエの基本となり、後の多くのミュージシャンによって受け継がれている。レゲエドラマーとして最も影響を与えた人物であり、ジャンルを超えて多くのミュージシャンから尊敬されている。1987年4月17日、自宅の前で殺された。
カーリーは、ボブ・マーリーの数ある有名曲の一つである""War""の作曲者でもある。また、兄のアストンとの共作で""Talkin' Blues""も制作した。",1
カール・パーマー,"カール・パーマー（Carl Palmer、1950年3月20日 - ）は、イングランド出身のロック・ミュージシャン、ドラマー。
主にプログレッシブ・ロックの分野で活動し、特に在籍した「エマーソン・レイク・アンド・パーマー」「エイジア」で世界的な成功を収めた。自ら率いる「カール・パーマー・バンド」でも活動している。
ローリング・ストーン誌選出「歴史上最も偉大な100人のドラマー」第10位。",1
カールトン・バレット,"カールトン・“カーリー”・バレット（Carlton ""Carly"" Barrett, 1950年 - 1987年4月17日）は、ジャマイカ生まれのミュージシャン。ボブ・マーリー&ザ・ウェイラーズのメンバー(ドラマー)として知られている。ウィンストン・グレナンによって創作されたとされるワン・ドロップ(one drop)をはじめ、様々なレゲエドラムのスタイルを大衆化した。また、彼のドラムと兄(Aston ""Family Man"" Barrett)のベースによるリズムセクション(""Barrett Brothers"")のスタイルは、その後世界各地に広まったレゲエの基本となり、後の多くのミュージシャンによって受け継がれている。レゲエドラマーとして最も影響を与えた人物であり、ジャンルを超えて多くのミュージシャンから尊敬されている。1987年4月17日、自宅の前で殺された。
カーリーは、ボブ・マーリーの数ある有名曲の一つである""War""の作曲者でもある。また、兄のアストンとの共作で""Talkin' Blues""も制作した。",1
戒,戒（かい、1981年10月28日 - ）は日本のドラマー。ヴィジュアル系バンド、the GazettEのメンバー兼リーダー。血液型はB型、徳島県出身。,0
カイ・ハフト,カイ・ハフト（カイ・ユハニ・ハハト、Kai Juhani Hahto、1973年12月31日 - ）は、フィンランド出身のロックミュージシャン、ドラマー。これまで主に、ウィンターサン、ナイトウィッシュ、スワロー・ザ・サン、ロッテン・サウンドなど多くのバンドで活動した。,0
柿健一 ,"柿 健一（かき けんいち、1978年12月28日 - ）は、京都府京都市出身のドラマー、お笑い芸人。B型。通称「カッキー」
京都府立洛西高等学校、龍谷大学法学部卒業。",0
梶谷雅弘,KELUN（ケルン）は、日本の3人組ロックバンドである。所属レーベルはSME Records。2009年10月、最後のワンマンライブをもって活動休止。,0
かしぶち哲郎,かしぶち 哲郎（かしぶち てつろう、1950年11月9日 - 2013年12月17日）は、日本の男性音楽家。ムーンライダーズのドラマー、ボーカル。栃木県出身。クレジットには本名である橿渕 哲郎（読み同じ）が使われることがある。,0
梶原徹也,梶原 徹也（かじわら てつや、1963年〈昭和38年〉9月26日 - ）は、福岡県福岡市出身のドラマー、音楽プロデューサー。大分県立大分上野丘高等学校、高千穂商科大学卒業。既婚。通称「梶くん」。,0
樫山圭,,0
梶山剛,,0
GAZ,,0
KAZUKI,,0
KAZUSHI,ROUAGE（ルアージュ）は、日本のヴィジュアル系ロックバンド。名古屋出身。バンド名はフランス語で歯車の意味。,0
KAZUMI,,0
Kazuya,,0
勝本浩史,,0
桂,,0
加藤勲,,0
加藤健治,"加藤 健治（かとう けんじ、1966年7月7日 - ）は、神奈川県横浜市出身のドラム奏者。
現在米国カリフォルニア州のRedding在住。
愛称はカトケン。血液型はB型。",0
加藤宏一,,0
加藤茶,"加藤 茶（かとう ちゃ、1943年〈昭和18年〉3月1日 - ）は、日本のコメディアン、ミュージシャン、司会者、ドラマー、俳優。
ザ・ドリフターズのメンバーとしてテレビ・映画に多数出演。1960年代後半から70年代前半にかけて子供達の間で人気者となる。ドリフの活動縮小後は、加トケンやこぶ茶バンドでも活躍した。
本名︰加藤 英文（かとう ひでゆき）。身長163cm。
愛称は「カトちゃん（加トちゃん）」「ヒデ坊」「チャー坊」など。父はギタリストの平八郎（たいら はちろう）。",0
加藤英幸,,0
かどしゅんたろう,かど しゅんたろう（英語: Shuntaro Kado、1975年3月10日 - ）は、日本のフリーランスのドラマー、スタジオミュージシャン、ドラムテック、ヴォーカル、ギタリスト、作曲家。,0
金山慎太郎,,0
金山典世,金山 典世（かなやま のりつぐ）は東京都出身のパーカッション&ドラムス奏者。サムライプロモーション所属。,0
金子ノブアキ,"金子 ノブアキ（かねこ ノブアキ、1981年6月5日 - ）は、日本のドラマー、俳優。本名、金子 信昭（かねこ のぶあき）。愛称は「あっくん」。「N.K.」とも呼ばれる。ロックバンド・RIZE / RED ORCAのメンバー。東京都世田谷区下北沢出身。イトーカンパニー、およびiLLCHiLL→PARADOX所属。血液型B型。
ドラマーのジョニー吉長を父に、歌手の金子マリを母に持つ。そして弟はRIZEのベーシストのKenKenこと金子賢輔であり、兄弟でRIZEのリズム体を組んでいる。
2013年11月、元モデルの一般人女性と結婚。2017年10月に第1子が誕生。
2019年、ソロ活動10周年を迎え、活動の集大成として新プロジェクト「RED ORCA」をスタート。",0
Kami,Kami（カミ）は、日本のドラマー。ヴィジュアル系ロックバンド、MALICE MIZERにて活動した。旧芸名に「神村右狂」や「右狂」がある。茨城県出身。,0
上条欽也,,0
かみじょうちひろ,"かみじょう ちひろ（本名非公開、男性、1981年〈昭和56年〉1月13日 - ）は、日本のミュージシャン・ドラマー。ロックバンド・9mm Parabellum Bulletおよびmonomonoでドラムを担当する。
以下、9mm Parabellum Bulletについては特記なき限り「9mm」と略称する。",0
上領謡子,,0
上領亘,上領 亘（かみりょう わたる、1964年9月3日 - ）は、日本のミュージシャン、音楽プロデューサー、ドラマー。東京都出身。ニュー・ウェイヴバンドグラスバレーよりメジャーデビュー後、SOFT BALLET、平沢進ソロのサポートドラマーに参加。1994年に平沢が率いた改訂期P-MODELに加入。現在はテクノ・ニューウェイヴ民謡ユニットNeoBalladとしても活動している。,0
亀井亨,,0
辛島孝治,,0
カレン・カーペンター,"カレン・アン・カーペンター（Karen Anne Carpenter、1950年3月2日 - 1983年2月4日）は、カーペンターズのヴォーカリスト、ドラマー。声種はアルトで、3オクターブの声域を持っていた。彼女の声の美しさについては、ビートルズのジョン・レノンやポール・マッカートニーをはじめとした一流のアーティストたちも絶賛している。
「ローリング・ストーンの選ぶ歴史上最も偉大な100人のシンガー」において第94位。「雑誌Qの選ぶ歴史上最も偉大な100人のシンガー」において第48位。",1
川内亨,,0
川上貴史,,0
川口千里,川口 千里（かわぐち せんり、1997年（平成9年）1月8日 - ）は、愛知県生まれ、三重県四日市市育ちのミュージシャン・ドラマー。,0
川島一秀,,0
川西幸一,川西 幸一（かわにし こういち、 1959年10月20日 - ）は、日本のドラマー。広島県呉市出身、血液型はO型。ロックバンド・UNICORNのメンバーである。,0
川原洋二,川原 洋二（かわはら ようじ、 1978年7月26日 - ）は日本のミュージシャン。Sound Scheduleのドラマー。兵庫県神戸市生まれ、六甲中学校・高等学校、神戸商科大学（現・兵庫県立大学）卒業。,0
川村恵里加,川村 恵里加（かわむら えりか、1984年5月17日 - ）は2004年3月31日に解散したWhiteberryのリーダーで、ドラマーだった人物。北海道北見市出身で、血液型はAB型。北海道訓子府高等学校卒。既婚者。,0
"河村""カースケ""智康","河村 智康（かわむら のりやす、1960年5月3日 - ）は、東京都出身のドラマー、スタジオ・ミュージシャン。愛称の「カースケ」から、河村""カースケ""智康ともクレジットされる。息子は同じくドラマーの河村吉宏。",0
カワベ,,0
キース,,1
キース・ヌードセン,,1
キース・ムーン,"キース・ムーン（Keith Moon、本名：Keith John Moon, 1946年8月23日 - 1978年9月7日）は、イギリスのミュージシャン、ドラマー、俳優。ザ・フーのドラマーとして知られる。2016年の「ローリング・ストーン誌の選ぶ歴史上最も偉大な100人のドラマー」に於いて、親友のジョン・ボーナムに次ぐ第2位。2013年のギブソン社の選ぶ「史上最高のロック・ドラマー×10人」に於いて第3位と、現在も高く評価されている。｢マイ・ジェネレーション」「恋のピンチ・ヒッター」「恋のマジック・アイ」「シー・ミー・フィール・ミー」「サマー・タイム・ブルース」「ピンボールの魔術師」「ロング・リブ・ロック」など、ザ・フーの代表曲でドラムスを担当した。
いくつかの文献でプロフィールが「1947年生まれ、31歳没」となっているものがあるが、これはムーンが生前に年齢を1歳偽っていたことに起因する。",1
菊住守代司,,0
菊地英二,菊地 英二（きくち えいじ、1967年6月6日 - ）は、日本のドラマー。東京都八王子市出身。血液型はO型。既婚。,0
菊地哲,菊地 哲（きくち てつ、1969年2月22日 - ）は、日本のミュージシャンでドラマー。GREATZ UPPER（愛称：G-U、テットス）という名のデザイナーでもある。,0
菊池直人,,0
菊池真人,,0
菊野晴泉,,0
KISHI,,0
木田高介,木田 高介（きだ たかすけ、1949年1月8日 - 1980年5月18日）は、鍵盤楽器、弦楽器、管楽器、打楽器など、多様な楽器を扱うミュージシャンであり、編曲家。本名は桂 重高（かつら しげたか）。,0
北尾一人,北尾 一人（きたお かずひと、1983年6月19日 - ）は、日本のドラマー。KCBのドラマーであり、ORANGE RANGEの元ドラマー。ORANGE RANGE時代のインディーズ初期にはKAZUHITO名義、メジャーデビュー時にはKATCHAN（カッチャン）の名義で活動していた。,0
城戸愼哉,,0
木村マモル,,0
木村万作,木村 万作（きむら まんさく、1955年12月30日 - ）は、日本のドラマー。東京都出身。早稲田大学卒業。,0
KYO,,0
kyosuke,,0
きりばやしひろき,きりばやしひろき（本名桐林広樹、1971年10月12日 - ）は、日本の音楽家。ドラマーであり、ギターやキーボードなどの楽器も含めたマルチプレーヤー。「楽器挫折者救済合宿」の主宰者。,0
工藤義弘,工藤 義弘（くどう よしひろ、1959年 - ）は、日本のハードロック、ヘヴィメタルドラマー。奈良県出身。,0
クハラカズユキ,"クハラ カズユキ（1969年4月3日 - ）は、日本のドラマー。1991年から2003年まで、THEE MICHELLE GUN ELEPHANTのメンバーとして活動していたことで知られる。現在はThe Birthdayのメンバーとして活動している。
愛称は「キュウ」。thee michelle gun elephant時代は身長165cmと公表していたが実際は161cm。血液型はO型。既婚。",0
熊谷徳明,熊谷 徳明（くまがい のりあき、1970年3月18日 - ）は、日本のドラマー、作曲家。日本を代表するフュージョンバンド、カシオペア（2012年よりCASIOPEA 3rdの名義で活動）の元メンバー。2021年現在、TRIX（トリックス）のリーダー。血液型はB型。キングレコード所属。,0
熊丸久徳,,0
久米浩司,,0
粂井宏昭,SCREAMING SOUL HILL（スクリーミング・ソウル・ヒル）は愛知県岡崎市出身の4人組ミクスチャー・ロックバンドである。1989年結成。1993年に東京に拠点を移しライブ活動を行う。2001年ポニーキャニオンよりメジャーデビュー。2005年11月4日解散。,0
クライド・スタブルフィールド,,1
倉田博之,,0
倉内充,,0
倉澤圭介,,0
クリス・スレイド,クリス・スレイド（Chris Slade、1946年10月30日 - ）は、ウェールズ出身のロックドラマー。,1
クリスチャン・ヴァンデ,クリスチャン・ヴァンデ（ヴァンデール）（Christian Vander、1948年2月21日 - ）はフランス・ヴァル＝ド＝マルヌ県・ノジャン＝シュル＝マルヌ生まれのドラマーであり、フランスを代表するプログレッシブ・ロックバンド、マグマのリーダー。,1
クリストファー・パーカー,"クリストファー・“クリス”・パーカー（Christopher ""Chris"" Parker）は、アメリカイリノイ州シカゴ出身のドラマー。
「エンサイクロペディア・オブ・ソウル」（1960年代 -）、後の「スタッフ」（1970年代 - 1980年代）に参加した。
ジュリアード学院などで講師を務める。
ブレッカー・ブラザーズ、ボブ・ディラン、ナタリー・コール、アレサ・フランクリン、マイルス・デイビス、フレディ・ハバード、ジェームズ・ブラウン、大貫妙子など、多くのミュージシャンのレコーディングに参加、ボズ・スキャッグス、ジョー・コッカー、矢野顕子などのツアーに参加。",1
車谷啓介,車谷 啓介（くるまたに けいすけ、1974年1月19日 - ）は、ミュージシャン、ドラマー、ナレーター。ホームグラウンドとも言えるライブハウスの大阪・北堀江hillsパン工場では最多出演ではないかとされているが定かではない。ラジオ番組のパーソナリティーの経歴も持つだけあってライブ中のMCも流暢。歌って喋れるドラマーでもある。,0
GRACE ,,0
グレゴリー・ハッチンソン,,1
グレッグ・エリコ,"グレッグ・エリコ（Greg Errico、1948年9月1日 - ）は、アメリカのミュージシャンにして音楽プロデューサーであり、人気と影響力のあるサイケデリック・ソウル/
ファンク・バンドのスライ&ザ・ファミリー・ストーンにおいてドラマーを務めたことで最もよく知られている。",0
グレッグ・ビソネット,"グレッグ・ビソネット（Gregg Bissonette、1959年6月9日 - ）は、アメリカ合衆国のドラマー（セッション・スタジオ・ミュージシャン）。
1985年、アメリカのハードロック・バンド、ヴァン・ヘイレンのカリスマ的ボーカリストだったデイヴィッド・リー・ロスがバンドを脱退し、翌1986年にソロ活動を始めた際、そのバンドのドラマーを務めた（結成当初のギタリストはスティーヴ・ヴァイ、ベーシストはビリー・シーンだった）。
前述の経歴からハードロックのイメージが強いが、フュージョン等の分野でも活躍するテクニシャン。リンゴ・スターやスティーヴ・ルカサー、ラリー・カールトンのアルバムやライブ・セッションに参加している。また、1995年にはTOTOのサイモン・フィリップスの代役としてプレイしたこともある。
弟のマット・ビソネットもミュージシャン（ベーシスト）であり、グレッグと同じくデイヴィッド・リー・ロスやリンゴ・スターのバンドに参加した他、ジョー・サトリアーニやボズ・スキャッグス等とも共演している。
「ローリング・ストーン誌の選ぶ歴史上最も偉大な100人のドラマー」において52位。",1
黒澤宏子,,0
黒澤摩璃子,,0
黒瀬蛙一,黒瀬 蛙一(くろせ かいち、1969年1月3日 - )は、東京都出身のドラマー。,0
黒沼征孝,,0
ゲイリー・ハズバンド,,1
K-TA,,0
ケニー・クラーク,ケニー・クラーク（Kenny Clarke、本名 Kenneth Clarke Spearman、1914年1月9日 – 1985年1月26日）は、アメリカのジャズ・ドラマー、バンド・リーダー。ビバップ・スタイルのドラミングを築き上げた一人。クロック（Klook）の愛称で親しまれ、また後年にはリアカット・アリ・サラーム（Liaqat Ali Salaam）としても知られた。,1
ケニー・ジョーンズ,ケニー・ジョーンズ (Kenney Jones、1948年9月16日 - ) は、イングランドのロック・ミュージシャン。スモール・フェイセスのドラマーとして知られる。,1
ケヴィン・ゴドレイ,"ケヴィン・マイケル・ゴドレイ（Kevin Michael Godley,  1945年10月7日 - ）は、イギリス・プレストウィッチ生まれのミュージシャン、プロモーションビデオのディレクター。元10cc、元ゴドレイ&クレームのメンバー。",1
ゲン,,1
KENJI,,0
KENJI,ロア 健治（ロア けんじ、1979年1月25日 - ）は、日本の男性歌手、声優、作曲家、ドラマー、脚本家。ヴィジュアル系バンド「Virgil」のヴォーカル。本名は横田健治・ポール・ロア。大阪府出身。身長168cm。体重56kg。A型。 プロダクション・エース所属。,0
ケンゾ(彩冷える),,0
小泉貴裕,KANA-BOON（カナブーン）は、日本のロックバンド。所属事務所はHIP LAND MUSIC。レーベルはソニー・ミュージックレーベルズ内のKi/oon Music。,0
小泉拓,,0
航,,0
Koichi,,0
KOUJI,,0
KOUICHI,,0
コーキー・レイング,,1
コージー・パウエル,"コージー・パウエル（Cozy Powell、本名：Colin Flooks、1947年12月29日 - 1998年4月5日）は、イングランド出身のドラマー、ロックミュージシャン。
その実力を買われ数多くのロックバンドを渡り歩き、ロック・ドラムヒーローの先駆者としても知られる。身長175cm。
ローリング・ストーン誌選出「歴史上最も偉大な100人のドラマー」43位。",1
KO-HEY,"Skoop On Somebody （スクープ・オン・サムバディ）は、1995年に結成された日本の音楽ユニットである。通称S.O.S.またはSOS。
2000年4月まではSKOOPというグループ名だったが、2000年6月シングル『ama-oto』から現在のグループ名になる。現在までにボーカル・コーラス・演奏・ソングライティングをほとんど自分たちでこなす、セルフ・コンテインドバンドである。
所属事務所はアミューズ、レコード会社はSME Records。",0
國分建臣,"國分 建臣（こくぶ たけみ、1973年7月12日 - ） は、日本のミュージシャン、ドラマー。愛知県名古屋市出身。蟹座、血液型B型。東海中学校・高等学校出身。名前は建築家である父親から由来している。
ラモーンズ、ザ・フーに影響を受け、中等科時代からクラスメートとパンクバンドを結成し、名古屋のライブハウスでコンスタントにライブを行う。ヤマハ音楽院の研究生を経て、プロドラマーとなる。",0
小西竜太郎,,0
小沼達也,,0
小沼俊昭,,0
小橋琢人,小橋 琢人（こはし たくと、1965年12月5日 - ）は、日本のドラマー、ミュージシャン。東京都出身。,0
小林和弘,,0
小林高夫,,0
小林雅之,小林 雅之（こばやし まさゆき、1965年5月13日 - ）は、日本のドラマー、ミュージシャン。東京都東久留米市出身。血液型はB型。,0
小柳昌法,"小柳""cherry""昌法（こやなぎ・チェリー・まさのり、1959年10月23日 - ）は、静岡県浜松市出身のミュージシャン、ドラマー、作曲家。血液型はA型。身長184cm",0
斉藤光子,斉藤光子 (GO-BANG'S) - 元GO-BANG'Sのドラマー。,0
斉藤リュータ,,0
サイモン・カーク,,1
サイモン・フィリップス,"サイモン・フィリップス（Simon Phillips、1957年2月6日 - ）は、イギリス・ロンドン出身のセッションドラマー（スタジオミュージシャン）、レコーディング・エンジニア、マスタリング・エンジニア。ロサンゼルス在住。
ザ・フーやミック・ジャガーなど数多くのミュージシャンのドラマーとして活躍。1992年から2013年まで、亡きジェフ・ポーカロの後任としてTOTOに加入していた。
「ローリング・ストーン誌の選ぶ歴史上最も偉大な100人のドラマー」において2010年版では17位、改訂版の2016年版ではランキング外。",1
サイモン・ライト,サイモン・ライト(Simon Wright、1963年6月19日 - ) は、イギリスのドラマー。有名なハード・ロック・バンドをいくつも渡り歩き、AC/DCやディオなどのメンバーとして活躍した。ドラムは十代初めから演奏し始め、コージー・パウエル、トミー・アルドリッジ(Tommy Aldridge)、ジョン・ボーナムから大きな影響を受けた。,1
坂田伸一,,0
坂井俊彦,,0
﨑山龍男,﨑山 龍男（さきやま たつお、1967年10月25日 - ）は、日本のドラマー、ミュージシャン。ロックバンド・スピッツのドラマー。本名同じ。栃木県佐野市出身。,0
sakura,Sakura（サクラ、本名：櫻澤 泰徳（さくらざわ やすのり）、1969年11月20日 - ）は、日本のドラマー、ギタリスト、音楽プロデューサー。ZIGZO、Rayflower、THE MADCAP LAUGHS、gibkiy gibkiy gibkiyのドラマー。元L'Arc〜en〜Ciel、SONS OF ALL PUSSYSのドラマー。元Lion Headsのギタリスト。東京都練馬区出身。L'Arc〜en〜Ciel在籍時から時折本名を名乗っていたほか、本名名義で活動することもある。,0
桜井誠,"桜井 誠（さくらい まこと）は、Dragon Ash、endiveのメンバー。
",0
櫻井雄一,,0
迫昌弘,,0
佐々木壱,,0
佐々木康治,,0
佐々木隆,佐々木 隆（ささき たかし、1956年8月27日 - ）は、日本のドラマー。かつてカシオペアに在籍。,0
ササキ・ユタカ,ササキ・ユタカ（本名：佐々木 豊、1957年7月26日 - ）は、福岡県北九州市出身のジャズ・ドラマー、パーカッショニスト。NAHOKスネアケース監修者。叔父はジャズドラマーの岡山保義（ヤス・オカヤマ）。,0
ZAX,,0
SASSY,,0
佐藤栄太郎,佐藤栄太郎（1988年11月7日生まれ）は、ドラムス担当。2015年の「ワンマンツアー『幸せが溢れたら』」を経て、最終日に正式加入がアナウンスされた。DJとしてDJ有るジェルゴットリッヂ名義でも活動している。MISTAKESや「Suger」名義でichikoroにも所属。,0
佐藤悦也,,0
佐藤潤一,,0
佐藤奏,佐藤 奏（さとう かなで、2002年（平成14年）10月29日 - ）は、埼玉県生まれの女性ミュージシャン・ドラマー。パール楽器製造とエンドース契約。Roland アーティスト。「Ear Candy Jazz Factory」のドラム担当。トレードマークのティアラの髪飾りから「ドラム・プリンセス」と称される。,0
佐藤シンイチロウ,佐藤 シンイチロウ（さとう シンイチロウ、1964年〈昭和39年〉8月16日 - ）は日本のドラマー。ロックバンド、the pillowsとThe ピーズのドラムス担当として活動。血液型はO型。茨城県出身。駒澤大学卒業。愛称はシンちゃん。,0
佐藤貴志,ロックバンドサザーランドのメンバー。,0
佐藤浩,,0
佐野康夫,佐野 康夫（さの やすお、1965年4月30日 - ）は、日本のドラマー。福岡県出身。血液型はA型。,0
SAMMY,,0
沢木優,"沢木 優（さわき ゆう / 1967年5月12日 -）は、日本のドラマー。
本名：樺島誠二
血液型：B型
福岡県大牟田市生まれ。埼玉県坂戸市出身。埼玉県立坂戸高等学校卒業。
LINX / 元THE POWERNUDE のドラマー。
パール楽器製造（Pearl Drums） /  Vic Firth（ヴィック・ファース）のモニターアーティスト。",0
ザッカリー・アルフォード,,1
ザック・スターキー,"ザック・リチャード・スターキー（Zak Richard Starkey、1965年9月13日 - ）はイギリスのミュージシャン。ビートルズの元メンバー、リンゴ・スターと元妻モーリン・コックスとの間の長男。ザ・フーやオアシスのサポート・メンバーとして知られる。弟のジェイソン(1968〜)と妹のリー(1970〜)がいる。娘のターシャ・スターキー(1985〜)はベーシストとして活動している。
父のリンゴは「ドラムは人から教わるものじゃない」という考えだったため、その親友であるザ・フーのキース・ムーンからドラムを教わることになった。そのためか、プレイスタイルはキースのようなパワフルなものとなっている。現在はザ・フーにサポートメンバーという形で招かれ、かつてキースが座っていた場所でドラムを叩いている。",1
サム・ウッドヤード,,1
サンコンJr.,"サンコンJr.（サンコンジュニア、1970年9月13日 - ）は、日本のドラマーである。大阪府茨木市出身。本名：佐子 博幸（さこ ひろゆき）。
ウルフルズのメンバーであり、ソロ活動も行なっている。",1
SANTA,,0
サンディ・ウェスト,サンディ・ウェスト（Sandy West、1959年7月10日 - 2006年10月21日）は、アメリカ合衆国のミュージシャン、歌手、ソングライター、ドラマー。彼女は女性ドラマーのパイオニアとしてファンや批評家に認められている。ロックミュージック界で広範囲に及ぶ人気と批評家からの称賛を勝ち取った初の女性ドラマーであった。ザ・ランナウェイズの創立メンバーの1人である。,1
ジード飯島大将,,0
ジーノ秋山,,0
椎野恭一,椎野 恭一（しいの きょういち、1959年11月30日 - ）は、日本のドラマー。神奈川県横浜市出身。,0
シーラ・E,シーラ・E（Sheila E.、本名：Sheila Escovedo、1957年12月12日 - ）は、アメリカ合衆国の歌手、ドラマー、パーカッション奏者。ソロ活動の他にプリンスのライブやツアーに参加した。,1
ジーン・クルーパ,"ジーン・クルーパ（Gene Krupa、本名：Eugene Bertram Krupa、1909年1月15日 - 1973年10月16日）は、アメリカ合衆国のジャズ・ドラマー。
スウィング期を代表する名ドラマーであり、それまで伴奏楽器とみなされていたドラムスにスター性をもたらした、ジャズ・ドラム史における最も偉大なドラマーのひとり。その影響はジャズ界だけにとどまらず、リンゴ・スター、ザ・ベンチャーズのメル・テイラー、レッド・ツェッペリンのジョン・ボーナム、カーマイン・アピス、キッスのピーター・クリスといったロック・ドラミングのパイオニアたちが、クルーパを憧れの対象とした。",1
ジェット・ブラック,"ブライアン・ジョン・ダフィー（英語名: Brian John Duffy、1938年8月26日 - 2022年12月6日 
）は、イングランド出身のドラマー。芸名: ジェット・ブラック（Jet Black）。ロックバンド「ストラングラーズ」の元メンバー。",1
シェーン・ガラース,シェーン・ガラス（Shane Gaalaas、1967年8月8日 - ）は、カナダアルバータ州イニスフェイル出身、アメリカロサンゼルス在住のドラマー。パワフル且つハイテクニカルなドラミングから、アメリカなどで著名なドラマーである。現在は、アメリカと日本の双方で活動中。,1
ジェイモ,,1
ジェフ・ハミルトン,ジェフ・ハミルトン（Jeff Hamilton、1953年8月4日 - ）は、クレイトン＝ハミルトン・ジャズ・オーケストラの共同リーダーであるアメリカのジャズ・ドラマーである。,1
ジェフ・バラード,,1
ジェフ・ポーカロ,"ジェフリー・トーマス・ポーカロ（Jeffrey Thomas Porcaro、1954年4月1日 - 1992年8月5日）は、アメリカのミュージシャン。ロックバンド、TOTOのリーダーであり元ドラマー。セッション・ミュージシャンとしても数多くのレコーディングに参加した。同じくTOTOのメンバーのマイク・ポーカロとスティーヴ・ポーカロは実弟。
「ローリング・ストーン誌の選ぶ歴史上最も偉大な100人のドラマー」において37位。",1
ジェフ・ワッツ,,1
シェリー・マン,シェリー・マン（Shelly Manne、1920年6月11日 - 1984年9月26日）は、アメリカ合衆国のジャズ・ドラマー。,1
ジェレミー・ステーシー,ジェレミー・ステーシー（Jeremy Stacey、1963年9月27日 - ）は、英国のドラマー、キーボード・プレイヤーである。,1
ジェローム・ブレイリー,,1
静海,しずみは、蜉蝣 (バンド)のメンバー。,0
シド・カトレット,,1
柴田一郎,柴田 一郎（しばた いちろう、1968年9月2日）は、日本のドラマー、ミュージシャンである。元ロックバンド・かかし、ゆらゆら帝国のドラマー。また、電子音楽家いちろうでもある。,0
柴田奈緒,,0
渋谷憲,,0
SHIHO,,0
嶋田祐一,,0
島村英二,島村 英二（しまむら えいじ、1950年9月13日 - ）は、日本のドラマー。スタジオ・ミュージシャン。富山県高岡市出身。,0
ジミー・コブ,ジミー・コブ（Jimmy Cobb、1929年1月20日 - 2020年5月24日）は、アメリカのジャズ・ミュージシャン、ドラム奏者。アメリカ合衆国ワシントンD.C.生まれ。,1
ジミー・ダイアモンド・ウィリアムズ,,1
ジミー原田,ジミー 原田 （ジミー はらだ、1911年12月10日 - 1995年5月12日）は、日本のジャズドラマー。,0
ジム・ケルトナー,ジム・ケルトナー（Jim Keltner）はアメリカ合衆国、オクラホマ州出身のドラマー。セッション・ミュージシャン。,1
ジム・ゴードン,"ジェームズ・べック・「ジム」ゴードン (James Beck ""Jim"" Gordon, 1945年7月14日 - 2023年3月13日) は、アメリカ合衆国のミュージシャン、作曲家。グラミー賞を受賞したゴードンは、1960年代後半から1970年代にかけて最も人気のあったセッションドラマーの一人であり、多くの著名なミュージシャンと共にアルバムを録音し、またブルースロックのスーパーグループであったデレク・アンド・ザ・ドミノスのドラマーでもあった。
1983年、ゴードンは母親を殺害し、懲役16年の判決を受け収監。原因となった統合失調症が改善されないため、一度も仮釈放されることなくカリフォルニア州医療施設でその生涯を終えた。",1
ジム・ホッダー,,1
ジャイアント吉田,"ドンキーカルテットは1964年に結成され、1970年まで6年間に渡って活躍したコミックバンドの一つである。このメンバーはザ・ドリフターズから独立する形で誕生した。
小野ヤスシをリーダーとしてテレビや演芸・公演などでも活躍していたが、1970年に解散する。以降はそれぞれ単独でタレントや司会者・声優として活動していた。
コミックソングの代表的なヒット曲の一つとして1970年に発売され、後に約20万枚を売り上げた『宮本武蔵』というタイトルがある。",0
ジャギ古川CAP,,0
シャグラット,シャグラット (Shagrath、本名：スティアン・トムト・トーレセン (Stian Tomt Thoresen)、1976年11月18日[1] - )は、ノルウェーのヘヴィメタル・ミュージシャン。シンフォニックブラックメタルバンド、ディム・ボルギルのボーカリストとして著名。また、バンド関係の楽器は一通り演奏できるマルチプレイヤーでもある。,0
ジャッキー吉川,"ジャッキー吉川（ジャッキー よしかわ、1938年8月1日 - 2020年4月20日）は、ジャッキー吉川とブルー・コメッツのメンバーでドラムを担当。東京都出身。
本名は板岡公一（いたおか こういち）。ジャッキーの由来はジャッキのように力強い腕が由来。",0
ジャック・ディジョネット,ジャック・ディジョネット（Jack DeJohnette、1942年8月9日 - ）は、アメリカのジャズ・ミュージシャン、ドラマー、ピアニスト。,1
shuji,shuji（しゅうじ、本名：末松秀二（すえまつ しゅうじ）、1974年11月21日 - ）は、日本のミュージシャンで、ロックバンド・Janne Da Arcのドラマー。兵庫県神戸市出身。大阪府立枚方西高等学校卒業。血液型はO型。,0
秀誉,,0
Sugar,,0
JUN,,0
淳士,淳士（じゅんじ、1973年3月30日 - ）は、日本のミュージシャン。SIAM SHADEのドラマーで、2006年よりBULL ZEICHEN 88で活動。旧名は淳二、本名は佐久間 淳二（さくま じゅんじ）。神奈川県秦野市出身、熊本県生まれ。血液型はB型。元アミューズ所属。,0
Junpei Minami,,0
JOE,,0
ジョーイ・クレイマー ,ジョーイ・クレイマー（Joey Kramer、1950年6月21日 - ）は、アメリカ合衆国のドラマーで、アメリカのロックバンド・エアロスミスのメンバーである。フルネームは、ジョゼフ・マイケル・クレイマー（Joseph Michael Kramer）。「ローリング・ストーン誌の選ぶ歴史上最も偉大な100人のドラマー」において78位。,1
ジョーイ・ジョーディソン,,1
ジョージ川口,"ジョージ 川口（ジョージ かわぐち、1927年6月15日 - 2003年11月1日）は日本のドラム奏者。 本名：川口 譲治（かわぐち じょうじ）。
「ジャズドラムスの神様」と呼ばれた。",0
ジョージ・コリアス,"ジョージ・コリアス（George Kollias、本名：イェオルイオス・コリアス（Γεώργιος Κόλλιας、ラテン文字転写：Georgios Kollias）、1977年8月30日 - ）は、ギリシャのヘヴィメタル・ミュージシャン（ドラマー）。音楽教師としても活動している。特に、アメリカのテクニカルデスメタルバンド、ナイルのドラマーとして著名。コリアスは、ナイルのアルバムに参加したことのある4人のドラマーの中で、初めてアルバム2枚以上で全曲を演奏したドラマーである。コリアスは、セイビアンとエヴァンス、ヴィック・ファースとエンドーズ契約している。加えて、アテネの現代音楽学校でドラムの講師としても活動している。
コリアスの参加していたエクストリミティー・オブセッションのギタリスト、イラクリス・コリアスはジョージの兄弟である。",1
ジョージ・ブラウン,,1
ジョー・ジガブー・モデリスト,,1
ジョー・ジョーンズ,ジョー・ジョーンズ（Jo Jones、1911年10月11日 - 1985年9月3日）は、アメリカ・シカゴ出身のジャズ・ドラマー。,1
ジョー・ドッジ,,1
ジョー・モレロ,,1
SHONO,SHONO（しょーの、1994年8月10日 - ）は、日本のタレント、モデル、ガールズメタルバンドPARADOXXのドラマー。静岡県浜松市出身。旧芸名はSHO-NO。,0
庄村聡泰,[Alexandros]（アレキサンドロス）は、日本の4人組ロックバンド。所属事務所はUKプロジェクト。レーベルはPolydor Records / RX-RECORDS。2014年3月までの旧バンド名は、[Champagne]（シャンペイン）。,0
ジョニー吉長,ジョニー 吉長（ジョニー よしなが、本名：吉長 信喜（よしなが のぶき）、1949年3月21日 - 2012年6月4日）は、日本のドラマー。福岡県小倉市（現北九州市小倉北区または小倉南区）出身。,0
ジョン・スタークス,"ジョン・レベル・スタークス (John Levell Starks, 1965年8月10日 - ) は、アメリカ合衆国・オクラホマ州タルサ出身の元プロバスケットボール選手。NBAのニューヨーク・ニックスなどで活躍した。ポジションはシューティングガード。",1
ジョン・ハートマン,,1
ジョン・バーベイタ,,1
ジョン・ハイズマン,"ジョン・ハイズマン（Jon Hiseman、1944年6月21日 - 2018年6月12日）は、イングランド・ロンドン出身のロック・ミュージシャン、ドラマー、音楽プロデューサー。
プログレッシブ・ロック・バンド「コロシアム」のリーダーとして知られる。",1
ジョン・ボーナム,"ジョン・ヘンリー・ボーナム（John Henry Bonham, 1948年5月31日 - 1980年9月25日）は、イギリス出身のミュージシャン、ドラマー。同国のロックバンド、レッド・ツェッペリンのドラマーとして知られる。
愛称はボンゾ。息子のジェイソン・ボーナムもロック・ドラマーである。身長179cm。",1
ジョン・マッケンタイア,ジョン・マッケンタイア（John McEntire、1970年4月9日 - ）は、アメリカ合衆国オレゴン州出身のドラマー、マルチプレイヤー、音楽プロデューサー、レコーディング・エンジニア。また、イリノイ州シカゴの録音スタジオ「Soma Electronic Music Studios」のオーナーでもある。主にポストロック、インディー・ロックの分野で活動し、バストロ、トータス、ザ・シー・アンド・ケイクのメンバーとしての活動に加えて、多くのミュージシャン／バンドの作品に参加した。,1
白井雄介,,0
白根賢一,白根賢一（しらね けんいち、1968年1月11日 -）は 、東京都出身のドラマー。A型でコーラスも行う。,0
神宮司治,神宮司 治（じんぐうじ おさむ、1980年3月5日 - ）は、日本のバンド・レミオロメンのメンバーでドラマーおよびコーラス担当である。山梨県東八代郡御坂町（現：笛吹市）出身。身長174cm。,0
神保彰,神保 彰（じんぼ あきら、1959年2月27日 - ）は、日本のドラマー、作曲家、国立音楽大学客員教授,0
ジン,,0
shingo,,0
SHINGO★KILLER,,0
ジンジャー・フィッシュ,"ジンジャー・フィッシュ（Ginger Fish、本名：ケネス・ロバート・ウィルソン、1965年9月28日 - ）はアメリカ合衆国マサチューセッツ州出身のドラマー。1995年から2011年までインダストリアル・ロック・バンド、マリリン・マンソンのメンバーとして活動した。芸名の由来はダンサーのジンジャー・ロジャースと大量殺人者のアルバート・フィッシュから。マリリン・マンソン在籍時には、パワーマン5000のアルバム『Tonight the Stars Revolt!』（1999年）にピアノでゲスト参加している。
2011年にマリリン・マンソンを脱退した後、ロブ・ゾンビのバンドに正式加入した。",1
ジンジャー・ベイカー,"ジンジャー・ベイカー（Ginger Baker、1939年8月19日 - 2019年10月6日）は、イングランド出身のミュージシャン、ドラマー。
1960年代のロックバンド「クリーム」をはじめ様々なセッション活動の実績を持ち、ロック界最初期のスーパードラマーとして認知されている。特に、ジャズ・フュージョンやワールドミュージックの分野にて影響を与えた。
ローリング・ストーン誌選出「最も偉大な100人のドラマー」第3位。",1
真太郎,真太郎（しんたろう、1983年11月5日 - ）は、日本のドラマー。滋賀県大津市出身。UVERworldのメンバー。既婚者。血液型はO型。,0
真矢 ,真矢（しんや、本名：山田 真矢（やまだ しんや）、1970年1月13日 - ）は、日本のロックバンド・LUNA SEAのドラマー、タレント。ラーメン店「天雷軒」プロデューサー、宝石店「Re:soul」（リソール）代表取締役社長、日本芸術専門学校特別講師。神奈川県秦野市出身。身長165cm。妻は元モーニング娘。の石黒彩。,0
Shinya,Shinya（シンヤ、1978年2月24日 - ）は、DIR EN GREYおよびソロプロジェクトであるSERAPHのドラマー。大阪府出身、血液型B型。 身長171cm。 愛称はやもちゃん。,0
菅井敏昭,,0
菅沼孝三,"菅沼 孝三（すがぬま こうぞう、1959年10月25日 - 2021年11月8日）は、大阪府出身のドラマー。
国外でも活躍しており、ジャズ・ロックなど幅広いジャンルで数多くのミュージシャンとの共演歴を持つ。
昭和音楽大学講師、音楽学校メーザー・ハウス講師、キャットミュージックカレッジ専門学校非常勤講師を務めていた。",0
杉本ユウ,,0
Zukejian,,0
ZUZU,,0
鈴木修見,,0
鈴木さえ子,鈴木 さえ子 (すずき さえこ、1957年3月14日 - )は、日本のミュージシャン。作曲家、ドラマー、キーボーディスト。出生名は鈴木左衛子。歌手の鈴木佐江子とは別人である。,0
鈴木英哉 ,鈴木 英哉（すずき ひでや、1969年11月14日 - ）は、日本のバンド・Mr.Childrenのドラマーである。愛称はJEN（ジェン）。身長175cm、体重64kg。,0
スズキ幹治,,0
スタントン・ムーア,,1
Zukejian,,0
スチュワート・コープランド,"スチュワート・アームストロング・コープランド（Stewart Armstrong Copeland、1952年7月16日 - ）は、アメリカ合衆国のプロミュージシャン。ドラマーで作曲家である。
イギリスのロックバンドであるポリス（The Police）の創立者として知られ、ポリスが活動を停止してからは、様々なバンドのドラマーとしてロックに留まらず広い領域に影響を与えてきた。2010年の「ローリング・ストーンの選ぶ歴史上最も偉大な100人のドラマー」に於いて第7位に選出された。
一方、1980年代にフランシス・コッポラやオリヴァー・ストーンの監督作品などの音楽を担当して以来、作曲家としても活動してきた。オーケストラのスコアリングも自ら担当して、映画、テレビ番組、ビデオ・ゲームのサウンドトラックからオペラやバレエ音楽まで手がけ、オーケストラを率いての公演も行なってきた。",1
スティーブ・アシェイム,スティーブ・アシェイム（Steve Asheim、1970年1月17日 - ）は、アメリカ合衆国のヘヴィメタルミュージシャン。デスメタルバンド・ディーサイドのドラマーとして著名。ディーサイドでは、作曲においても中心的な役割を担っている。アシェイムは、パール、パイステ、Vater、Axisとエンドーズ契約している。また、アシェイムは、銃のコレクターとしても著名で、ディーサイドのライヴDVD『When London Burns』で、そのコレクションを見ることができる。ドラムセットを担当することがほとんどであるが、ディーサイドの9thアルバム『Till Death Do Us Part』では、全曲リズムギターを担当し、一部ではリードギターも担当している。,1
スティーヴ・アリントン,,1
スティーヴ・ワシントン,,1
スティーヴ・ガッド,スティーヴ・ガッド（Steve Gadd、1945年4月9日 - ）は、アメリカ合衆国ニューヨーク州ロチェスター生まれのフュージョン・ドラマー、セッション・ドラマー、スタジオ・ミュージシャンである。,1
スティーヴ・ジャンセン,スティーヴ・ジャンセン（Steve Jansen、本名：Stephen Batt、1959年12月1日 - ）は、イングランドのロンドン・シデナム出身のドラマー、作曲家、音楽プロデューサー。デヴィッド・シルヴィアンは実兄。,1
スティーヴ・ジョーダン,スティーヴ・ジョーダン（Steve Jordan、1957年1月14日 - ）は、アメリカ合衆国ニューヨークのマルチ・プレーヤー、作曲家、音楽プロデューサーである。「ローリング・ストーン誌の選ぶ歴史上最も偉大な100人のドラマー」において80位。,1
スティーヴ・スミス,スティーヴ・スミス（Steve Smith、1954年8月21日 - ）は、アメリカ合衆国のジャズミュージシャン、ロックミュージシャン、ドラマー。1979年-1984年と1996年-1999年の間、米ロックバンド、ジャーニーに在籍したことで知られ、ジェフ・バーリン、マイク・スターンなど、様々なジャズミュージャンが率いるあらゆるバンドで活動し、その他多くのジャズ・セッションにも積極的にゲスト参加している。2016年現在は、事実上サポートメンバーの扱いだが、ジャーニーでの活動を再開している。 2020年3月3日に「Journey」のバンド名の独占権を得るために同バンドのロスヴァロリー(Ba)とクーデターを試みたとされ、メンバーのニール・ショーン(Gt)、ジョナサン・ケイン(Key)に解雇を言い渡される。「ローリング・ストーン誌の選ぶ歴史上最も偉大な100人のドラマー」において30位。,1
スティーヴ・フェローン,スティーヴ・フェローン（Steve Ferrone、1950年4月25日 - ）は、1994年から2017年までロック・バンドのトム・ペティ&ザ・ハートブレイカーズにオリジナル・ドラマーであったスタン・リンチの後任として在籍したメンバーとして知られ、1970年代のアヴェレイジ・ホワイト・バンドにおける「クラシック・ラインナップ」の1人としても知られるイングランドのドラマーである。フェローンは、エリック・クラプトン、ジョージ・ハリスン、デュラン・デュラン、スティーヴィー・ニックス、ラウラ・パウジーニ、クリスティン・マクヴィー、リック・ジェームス、スラッシュ、チャカ・カーン、ビージーズ、スクリッティ・ポリッティ、エアロスミス、アル・ジャロウ、ジョニー・キャッシュといった面々とレコーディングを行い、演奏してきた。フェローンはまた、シリウスXmの「トム・ペティ・ラジオ」において、毎週、ラジオ番組「The New Guy」でホストを務めている。,1
スペンサー・ドライデン,,1
スライ・ダンバー,"スライ&ロビー (Sly and Robbie) は、レゲエのリズムセクションである。
ドラマーのローウェル・ダンバー（スライ・ダンバー Sly Dunbar。彼の好きなミュージシャン、スライ・ストーンにちなんで愛称で呼ばれる。本名ローウェル・チャールズ・ダンバー Lowell Charles Dunbar、1952年5月10日 - 、キングストン生まれ）と、ベーシスト、ロバート・シェークスピア（愛称ロビー・シェイクスピア Robbie Shakespeare、1953年9月27日 - 2021年、キングストン生まれ）の二人のリズムセクションは、1970年代の半ばに、この名義で活動を始める。彼らが製作に携わった楽曲は20万曲にものぼると言われている。

二人で活動を始める前、スライはスキン・フレッシュ・アンド・ボーンズにいて、ロビーはアグロベーターズでベースを弾いていた。クラブで演奏している時にお互いをよくチェックしていた。彼らはモータウンやフィリー・ソウル、カントリー・ミュージックが好きで、同じ音楽の傾向を持つことを見つけ、最初にフー・キム兄弟が経営していた「チャンネル・ワン」レーベルで二人を中心としたバンド、レヴォリューショナリーズを結成し一緒に働き出した。1980年には独自の「タクシー」レーベルを創った。
彼らは何度か、レゲエの表情を一変させている。1976年、「ロッカーズ」リズムと呼ばれる激しいリズムを打ち出し、主流だった「ワンドロップ」リズムを追い落とした。1980年代初期には「アンメータード・タクシー（Ummetered Taxi）」リズムをはじめとする「ラバダブ（Rub a Dub）」スタイルを導入した。1980年中期においてもいち早く電子楽器を導入し重要なリズムを開発した。1990年代初期にも、チャカ・デマス・アンド・プライヤーズの「バン・バン」(Bam Bam)と「マーダ・シ・ロート」(Murder She Wrote)のリズムを創った。
1990年代から2000年代にかけてのスライ&ロビーは、ダンスホールレゲエとヒップホップ、R&B。ラテン音楽を革新的に融合させた。ビーニ・マンからショーン・ポール、ピーター・トッシュ、ブラック・ウフル、グレゴリー・アイザックス、デニス・ブラウンなどの著名なジャマイカのミュージシャンと作品を製作した。
その一方で、ジャマイカの音楽シーンから離れて、ボブ・ディラン、ミック・ジャガー、ローリング・ストーンズ、グレイス・ジョーンズ、ジルベルト・ジル、ジョー・コッカー、セルジュ・ゲンスブール、シンプリー・レッド、マイル・フランチ、スティング、ダグ・E・フレッシュ、カルロス・サンタナ、シネイド・オコナー、弘田三枝子などの多くのポップスのジャンルの楽曲製作に参加している。
30年以上一緒にいながらも、なお現在でも彼らのバンド、タクシー・ギャングと共に世界ツアーをし、レコーディング活動をしている。
ロビー・シェイクスピアが死去したと2021年12月8日に報道された。",1
清野鉄平,,0
瀬崎順治,,0
senoo ricky,,0
千崎涼太,,0
宗修司,,0
そうる透,そうる 透（そうる とおる、英表記：SOUL TOUL、1958年5月5日 - ）は、日本のドラマー。神奈川県横浜市出身。,0
外山明,,0
ソニー・エモリー,,1
ソニー・ペイン,,1
ターキー,ターキーは、ロックバンド・GO!GO!7188のドラマー。,0
ダーク・ヴェルビューレン,"ダーク・ヴェルビューレン（Dirk Verbeuren、1975年1月8日 - ）は、ベルギー・アントウェルペン出身のヘヴィメタルミュージシャン（ドラマー）。特に、スウェーデンのメロディックデスメタル/エクストリームメタルバンド・ソイルワークのドラマーとして著名であり、2004年から2016年7月まで在籍し、5枚のスタジオ・アルバムに加えて、ライブ・アルバム/DVD/Blu-rayに音源を残しており、ヨーロッパ、アメリカ合衆国、カナダ、日本、オーストラリア、ロシア、中華人民共和国ではライヴステージに立っている。2016年にアメリカのスラッシュメタルバンド・メガデスに正式加入し、ソイルワークを脱退した。
ヴェルビューレンは、スタジオ・アルバムやライヴの演奏技術によって、メタルシーンの中でも特に知られた存在である。そのため、前述の2バンドの他にもデヴィン・タウンゼンド、フレドリック・トーデンダル（メシュガー）、サテリコン、ジェフ・ルーミス、ウォーレル・デイン、アボーテッド、ナグルファー、スカーヴ、パワーマッド、ザ・プロジェクト・ヘイト・MCMXCIX等、多数のミュージシャン、バンドの作品に参加している。
ヴェルビューレンは、所有するダイ・クローリング・スタジオ (Die Crawling Studio)でセッションドラマーをしたり、Tamaドラムスやマイネル・シンバルズの専門家として世界的に活動しており、その様な活動をしていない際には、『Dirk Blasts』と題された教則ビデオや本人によるオンラインのドラム教則を通じて知識や専門技術を伝えている。フランスのナンシーにあるMusic Academy Internationalで10年間、その他を併せて20年もの間、音楽教師を務めていた。
2011年にヴェルビューレンはグラインドコアバンド・ベント・シーを結成した。このバンドには、ナパーム・デスのベーシスト・シェーン・エンバリーとアボーテッドのボーカリスト・スヴェン・ド・クロウェが参加した。
2016年7月、ヴェルビューレンはメガデスの新ドラマーとして正式に加入することが発表された。正式加入が発表される前、ヴェルビューレンは、クリス・アドラーに代わって、メガデスのツアーにセッションメンバーとして参加していた。そして、メガデスへの正式加入によってソイルワークから正式に脱退した。",1
太我,太我（たいが、1995年〈平成7年〉4月20日 - ）は、日本のドラマー、YouTuber。Non Stop Rabbitの元メンバー。本名は松村太我。血液型はB型。,0
"大古殿""FURUTON""宗大",,0
大地大介,,0
田井中貞利,,0
田浦楽 クリスタルレイク HONE YOUR SENSE,,0
田岡広宣,,0
タカオリ,,0
高木貴司,,0
高木利夫,,0
田嶋悟士(ガガガSP),,0
高田政良,DUCCI（だっち、本名: 高田 政良（たかだ まさよし）、1977年5月15日 - ）は、日本のドラマー、スタジオミュージシャン、ドラム講師、プロデューサー。カノウプスドラムエンドーサー。鳥取県米子市首都圏観光大使。,0
高野真太郎,高野 真太郎（たかの しんたろう、1979年10月20日 - ）は、日本のミュージシャン。元CHARCOAL FILTERのドラマー。,0
高橋勝美,,0
高橋久美子,高橋 久美子（たかはし くみこ、1982年4月10日 - ）は、日本の作家・作詞家[1]。ロックバンド「チャットモンチー」の元ドラマー。,0
高橋浩司,高橋浩司（たかはし こうじ）は、ドラムス、コーラス担当。東京都出身。解散後はREVERSLOW(2006年に脱退)、HARISS等に参加。,0
高橋宏貴,高橋 宏貴（たかはし ひろたか、1974年10月29日 - ）は、日本のミュージシャン、ドラマー。ロックバンド「ELLEGARDEN」「THE PREDATORS」「PAM」のドラマー。,0
高橋まこと,"高橋 まこと（たかはし まこと、1954年1月6日 - ）は、日本の音楽家。本名、高橋 信（読み方同じ）。福島県福島市出身。福島県立福島高等学校出身。
日本のロックバンド、BOØWYのドラマーとして知られる。身長170cm、体重61kg。血液型はA型。既婚。",0
高橋幸宏,"高橋 幸宏（たかはし ゆきひろ、1952年〈昭和27年〉6月6日 - 2023年〈令和5年〉1月11日）は日本のシンガーソングライター、ドラマー、音楽プロデューサー、ファッション・デザイナー、文筆家。
ソロ・デビューした1978年（昭和53年）から1980年（昭和55年）前半までは、「高橋ユキヒロ」とカタカナ表記の名前を名乗っていた。",0
高橋利克,,0
高橋ロジャー和久,高橋ロジャー和久（たかはし ロジャーかずひさ、1961年9月12日 - ）は、日本のドラマー。大阪市福島区出身。愛称の「ロジャー」は自身が敬愛するクイーンのロジャー・テイラーから。,0
高村佳秀,"高村 佳秀（たかむら よしひで、 (1987-06-27) 1987年6月27日（36歳））は、日本のドラマー。
熊本県出身。身長167cm、血液型AB型。BLUE ENCOUNTのドラムス担当。愛称はよっちゃん。",0
鷹森泉,,0
田切純一,,0
たくま,,0
ダグ・クリフォード,,0
武井誠,"ティー・エヌ・エー（TNA）は、日本のアトリエ系建築設計事務所。
武井誠＋鍋島千恵で主宰。2004年設立。吉岡賞、JIA新人賞、日本建築学会賞など多数受賞。",0
TAKEO,TAKEO（タケオ、1972年7月11日 - ）は、日本のミュージシャン。Angelo及びPIERROTのドラマー。,0
Takeshi,,0
田沢公大,SUPERCAR（スーパーカー）は、日本のロックバンド。1997年にデビューし、2005年2月26日に解散。,0
田島一平,,0
TASSHI,,0
田々井悟,,0
TATTSU,,0
田代信一,,0
tax,"TAX（1975年8月31日 - ）は、ドラムス担当。宮城県仙台市出身。本名は菊池 拓哉。ほとんどの楽曲制作に携わり、曲中の日本語詞を作詞している。地元仙台でのライブでは「菊池」コールが涌く。ドラムを始めたのは中学生の頃、たまたま遊びに行った友人宅のリビングにドラムセットが置かれていたのがきっかけ。歯科技工士として5年間働いた経験がある。その後、友達の紹介でメイナードと知り合い、2002年頃より参加。
名前の表記はインディーズ時代は本名の菊池拓哉、メジャーデビュー後は小文字でtax、9thアルバム『Colour by Number』リリース頃より大文字でTAXになった。2018年にMaynardとともに「EIGHT CROWNS JAPAN」を設立し養蜂家としての活動を開始している（本名名義）。
インタビューでは率先して曲の紹介などを行うことも多い反面、ライブでは必要最小限しか話さない。ただし近年のライブでは発言回数も増えつつある。",0
田中清司,田中 清司（たなか きよし、1948年1月1日 - ）は、日本のドラマー、スタジオ・ミュージシャン。,0
田中裕二,田中 裕二（たなか ゆうじ、1957年5月29日 - 2022年12月17日）は、日本のドラマー、ミュージシャンである。血液型はO型。左利き。北海道旭川市出身。1977年からロックバンド『安全地帯』のメンバーとして活動した。,0
田中一光,田中 一光（たなか いっこう、1965年10月8日 - ）は、日本のドラマー、ミュージシャン。プログレッシヴ・ロック・バンドYuka & Chronoshipのドラマー。愛知県名古屋市出身。現在はYuka & Chronoshipの活動を中心に、さまざまなジャンルのアーティストと共演し、その活動は多岐にわたる。,0
"タナカ""ズィ〜レイ""レイジ",,0
田辺純平,,0
田辺健彦,,0
谷口奈穂子,谷口 奈穂子（たにぐち なおこ、1981年12月6日[23] - ）は大阪府寝屋川市出身のドラマー。,0
田邊昭知,"田邊 昭知（田辺 昭知、たなべ しょうち、1938年〈昭和13年〉11月15日 - ）は、日本の芸能プロモーター・放送作家、元音楽家・俳優。田辺エージェンシー代表取締役社長。元田辺昭知とザ・スパイダースのリーダー兼ドラマー・日本音楽事業者協会（JAME）会長。
東京都出身。愛称はショー坊（昭坊）、ショウちゃん（昭ちゃん）。妻は元モデル・女優の小林麻美。",0
ダニー・セラフィン,,1
ダニー・リッチモンド,,1
ダニエル・アデア,ダニエル・アデア（Daniel Adair、1975年2月19日 - ）は、カナダのドラマー、ミュージシャン。カナダのロックバンド、ニッケルバックのドラマーであり、元3ドアーズ・ダウンのドラマーでもあった。,1
ダニエル・アーランドソン,"ダニエル・アーランドソン（Daniel John Erlandsson, 1976年5月22日 - ）は、スウェーデン出身のヘヴィ・メタル・ドラマー。アーチ・エネミーなどで活動。",1
ダニエル・スヴェンソン ,ダニエル・スヴェンソン (Daniel Svensson、1977年11月20日 - )は、スウェーデンのヘヴィメタルミュージシャン (ドラマー、ボーカリスト)。イン・フレイムスのドラマーとして著名。,1
ダニエル・ユメール,"ダニエル・ユメール（Daniel Humair、1938年5月23日 - 、ジュネーヴ生まれ）は、ドラマー、作曲家、画家である。
彼は広く名を成しており、1986年に芸術文化勲章のシュヴァリエ、1992年にはオフィシエとなった。多くのジャズ・パフォーマー、とりわけジャン＝リュック・ポンティ、チェット・ベイカー、ミシェル・ポルタル、マーシャル・ソラール、デクスター・ゴードン、ジェリー・マリガン、エリック・ドルフィーと共演してきた。
ユメールは才能のある画家でもある。彼は自分の作品を「比喩的な抽象」と表現し、芸術的な絵画に対する彼の情熱と知識を証明する一貫した作品を作成した。",1
玉田豊夢,玉田 豊夢（たまだ とむ、1975年6月23日 - ）は、日本のドラマー。本名同じ。大分県臼杵市出身。血液型B型。,0
田村はるな,,0
タリム,タリム (Trym、本名：カイ・ヨニー・モサケル (Kai Johnny Mosaker)、1974年 - )は、ノルウェーのヘヴィメタルミュージシャン。Trym Torsonとも表記され、タリム・トルソンもしくはタリム・トーソンと書かれる場合もある。主に、エンペラーやザイクロンの活動で著名。タリムのドラミングは、ジャズから大きな影響を受けており、タリムは、ダブル・ベース・ドラムによるブラストビートを絡めた高速なドラミングで知られている。また、タトゥー・アーティストとしても活動している。,1
ダン・スワノ,"ダン・スワノ（Dan Swanö, 1973年3月10日 - )は、ヘヴィメタル（特にデスメタル）をメインジャンルとしつつも多方面で活動しているスウェーデン出身のミュージシャン、音楽プロデューサー。オーペスのミカエル・オーカーフェルトと互いに影響を与え合い、共に70年代のプログレッシブ・ロックとデスメタルを組み合わせたスタイルを作り上げたことで著名である。
また、エッジ・オブ・サニティの実質的リーダーとしてメロディックデスメタルの発展に大きく貢献した。",1
丹寧臣,,0
檀上尚居,,0
チト河内,チト 河内（チト かわち、1943年2月24日 - ）は、日本の作曲家、アレンジャー。本名：河内 重昭。血液型はB型。兄は作曲家のクニ河内。,0
チェスター・トンプソン,チェスター・トンプソン（Chester Thompson、1948年12月11日 - ）は、アメリカのミュージシャンである。主にドラマー、パーカッショニスト、セッション・ミュージシャン、音楽プロデューサー、そして教師を務めている。トンプソンは、1973年から1975年までフランク・ザッパとマザーズ・オブ・インヴェンション、1977年から1992年までと2007年にプログレッシブ・ロック・バンドのジェネシスと協力したことでおそらく最もよく知られている。現在は2011年に結成された自身のジャズ・グループ、チェスター・トンプソン・トリオのメンバーを務めている。,1
チェ・ミンファン,チェ・ミンファン（최민환、1992年11月11日 - ）は、韓国の歌手、俳優。FTISLANDのドラムスを担当している。身長171cm、体重55kg。血液型A型。,1
チャーリー・パーシップ,,1
チャーリー・ワッツ,"チャールズ・ロバート“チャーリー”ワッツ（Charles Robert ""Charlie"" Watts, 1941年6月2日 - 2021年8月24日）は、イギリスのミュージシャン。ロックバンド、ローリング・ストーンズのドラマー。
デビュー以来、ミック・ジャガー、キース・リチャーズと共に在籍し続けたオリジナルメンバーの1人。ジャズに影響を受けた独特のドラミングで、ストーンズの独自性溢れる音作りを永年にわたって支えた。また、自ら率いるジャズ・バンドでも活動しアルバムも発表している。
「ローリング・ストーン誌の選ぶ歴史上最も偉大な100人のドラマー」に於いて第12位。また、「LA Weekly誌の選ぶ歴史上最も偉大な100人のドラマー」に於いて第3位。",1
"チャールズ・""ハングリー""・ウィリアムズ","チャールズ・""ハングリー""・ウィリアムズ (Charles ""Hungry"" Williams, 1935年2月12日 – 1986年5月10日)は米国のドラマー。1950年代から60年代にかけてニューオーリンズのR&Bシーンで活躍した。ときにはヴォーカルを取ることもあり、自己名義のシングルもリリースしている。",1
チャック・バーギ,,1
チャド・スミス,チャド・スミス（英: Chad Smith、1961年10月25日 - ）は、アメリカ合衆国のドラマー。ロックバンド、レッド・ホット・チリ・ペッパーズのメンバーとして知られる。「ローリング・ストーン誌の選ぶ歴史上最も偉大な100人のドラマー」において87位。フルネームは、チャドウィック・ゲイロード・スミス（Chadwick Gaylord Smith）。,1
チャド・ワッカーマン,"チャド・ワッカーマン（Chad Wackerman、1960年3月25日 - ）は、アメリカ合衆国のジャズ、フュージョン、ロック・ドラマー。
フランク・ザッパやアラン・ホールズワースと共演している。彼はバンド・メンバー、セッション・ミュージシャン、サイドマン、そして彼自身のバンドのリーダーとして働いてきた。共にドラマーであるジョン・ワッカーマンとブルックス・ワッカーマンの兄である。",1
チャンギート,チャンギート（Changuito、本名：ホセ・ルイス・クィンタナ、1948年1月18日 - ）は、キューバのパーカッショニストである。,1
CHOCO,CHOCO（チョコ、男性、1975年10月7日 - ）は、富山県出身の漫画家、同人作家、キャラクター、メカニックデザイナー、イラストレーター。血液型はB型。,0
Tsuki,,0
土屋薫,"土屋 薫（つちや かおる、Kaoru Tsuchiya Hawley、1958年1月20日 - ）は、地方競馬の浦和競馬場、大井競馬場所属、そしてアメリカ合衆国ケンタッキー州の元騎手である。
埼玉県出身、血液型はAB型。地方競馬教養センター短期騎手課程生。所属厩舎だった土屋登元調教師は実父、同じ浦和競馬場に所属していた土屋千賀子元調教師は姉。配偶者は、カナダスポーツ殿堂博物館、アメリカ競馬名誉の殿堂博物館、カナダ競馬名誉の殿堂にて殿堂入りをした騎手のサンディー・ホーリー。
勝負服の柄は胴白・左青たすき、袖赤。",0
Tsutomu,,0
恒岡章,,0
恒田義見,,0
つのだ☆ひろ,つのだ☆ひろ（つのだ ひろ 、1949年8月1日 - ）は、日本の歌手、ドラマー、作詞家・作曲家、ラジオパーソナリティ。本名：角田 博民（つのだ ひろたみ）。有限会社角田兄弟社代表取締役。名前の「☆」は発音しない。,0
角田美喜,角田 美喜（つのだ みき、1963年12月7日 - ）は、日本のドラマー。東京都出身。血液型はO型。,0
鶴田加奈子,鶴田 加奈子（つるた かなこ）は、日本の歌手、ドラマー。1996年より活動している。,0
鶴谷智生,鶴谷 智生（つるや ともお、1965年7月18日 - ）は、日本のドラマー、パーカッション奏者、音楽プロデューサー。,0
ティコ・トーレス,"ティコ・トーレス（Tico Torres、1953年10月7日 - ）は、ボン・ジョヴィのドラマー。画家やデザイナーとしても活躍。ニューヨーク出身のキューバ系アメリカ人。
愛称は「ザ・ヒットマン」（殺し屋の意や女性の扱い方から）。主にライヴ中、ジョン・ボン・ジョヴィからは「King of Cuba」と称される。",1
デイヴ・ウェックル,デイヴ・ウェックル（Dave Weckl、1960年1月8日 - ）は、アメリカのフュージョン・ドラマー。,1
デイヴ・グロール,"デヴィッド・エリック・グロール（David Eric Grohl、1969年1月14日 - ）は、アメリカ合衆国出身のミュージシャン、シンガーソングライター、音楽プロデューサー。
ロックバンド「ニルヴァーナ」の元ドラマー。解散後は「フー・ファイターズ」のボーカル、ギターを務め、ドラマーとしては「ゼム・クルックド・ヴァルチャーズ」に籍を置く。",1
デイヴ・ロンバード,"デイヴ・ロンバード（Dave Lombardo、1965年2月16日 - ）は、キューバ系アメリカ人のロックミュージシャン、ドラマー。
主に、スラッシュメタル・バンド・スレイヤーのメンバーとして知られる。ほか様々なグループに在籍し、自らもバンドを率いて活動した。
ローリング・ストーン誌選出「歴史上最も偉大な100人のドラマー」2010年版では第12位、改訂版の2016年版では第47位。",1
ティト・プエンテ,"ティト・プエンテ（Tito Puente、本名:エルネスト・アントニオ・プエンテ・ジュニア、1923年4月20日 - 2000年5月31日）は、アメリカ・ニューヨーク出身のラテン音楽・ミュージシャン。「マンボの王様」「ラテンの王様」とも呼ばれ、ティンバレス、ヴィブラフォン、キーボードなど複数の楽器を起用に演奏した。また、作曲家、編曲家、バンドリーダーとしても足跡を残した。
1940年代から活躍しペレス・プラードらとともに、1950年代マンボ・ブームの立役者の一人でもある。プレイヤーおよびバンドリーダーとして、後のラテンジャズやサルサの発展にも寄与し、自らのバンドから多くの後進を輩出した功績もあった。
スペイン語では息子のことを「-ito（―ィート）」と呼び、プエンテは「エルネスティート」の「ティート」から「ティト」の愛称で呼ばれるようになった。",1
デヴィッド・ガリバルディ,,1
デスオ,,0
TETSU,,0
TETSUJI,,0
テッド・カークパトリック,,1
デニス・エリオット,,1
デニス・チェンバース,デニス・チェンバース（Dennis Chambers、1959年5月9日 - ）は、アメリカ合衆国のドラマーで、ジョン・スコフィールド、ジョージ・デューク、ブレッカー・ブラザーズ、サンタナ、パーラメント/ファンカデリック（Pファンク）、ジョン・マクラフリン、ナイアシン、マイク・スターン、キャブ、グレッグ・ハウ、ヴィクター・ウッテンなど、多数のミュージシャンたちと共に録音を行い、共演している。チェンバースは広く様々な音楽ジャンルで演奏する能力があるが、最もよく知られているのは、ジャズ・フュージョン、ファンク、ラテン音楽における演奏であろう。チェンバースは素早い手の動きと、バスドラムでの3連符の演奏で最もよく知られている。チェンバースは後進の若いドラマーたちを数多く支援しているが、その最も目立った例は、トニー・ロイスターJr.である。,1
寺崎経幸,,0
寺田正美,,0
テリー・ボジオ,"テリー・ボジオ（Terry Bozzio、1950年12月27日 - ）はアメリカ合衆国のドラマー。フランク・ザッパ、ミッシング・パーソンズのドラマーとして活動したほか、プログレッシブ・ロック、ニュー・ウェイヴ、ハード・ロックなど幅広いジャンルで活躍している。「ローリング・ストーン誌の選ぶ歴史上最も偉大な100人のドラマー」において17位。
2008年に日本人女性と結婚し、義娘は日本のヘヴィメタル・バンド「Aldious」のドラマーのMarina。",1
D.O.I,,0
土井耕太郎,,0
Do!藤崎,,0
徹,,0
Dr.涼,Dr.涼（ドラマーりょう）は、日本のドラマー。音楽プロデューサー。タレント。,0
遠海准司,,0
徳永善也,徳永 善也（とくなが よしや、1964年6月7日 - 2004年8月17日）は、日本のミュージシャン（ドラマー）。元チェッカーズのドラムス担当。「クロベエ」の愛称で親しまれた。身長174cm。血液型はA型。福岡県久留米市出身。,0
徳永義幸,,0
俊美,,0
栃木孝夫,栃木 孝夫（とちぎ たかお、1958年〈昭和33年〉7月11日 - ）は、日本のミュージシャン。元THE BOOMのドラマー。,0
トニー・アレン,トニー・アレン（Tony Allen、1940年8月12日 - 2020年4月30日）は、ナイジェリア出身のドラマー、作曲家。アフロビートの創始者、フェラ・クティの右腕として活動し、彼の元を離れてからも精力的に活動していた。,1
トニー・ウィリアムス,トニー・ウィリアムス（Tony Williams、1945年12月12日 - 1997年2月23日）は、アメリカ合衆国イリノイ州シカゴ生まれのジャズ、ジャズ・ロック・ミュージシャン、ドラム奏者、作曲家。,1
トーマス・ラング,,1
トミー・アルドリッジ,"トミー・アルドリッジ（Tommy Aldridge、1950年8月15日 - 、ミシシッピ州ジャクソン生まれ）は、アメリカ出身のHR/HMドラマー。
サザン・ロック・バンドのブラック・オーク・アーカンソー、パット・トラヴァース、オジー・オズボーン、ホワイトスネイク、ゲイリー・ムーア、テッド・ニュージェント、シン・リジィほか、数多くのHR/HMミュージシャンと共演している。
ビートルズ、クリーム、ジミ・ヘンドリックス、レッド・ツェッペリンなどに感化され、ジョー・モレロ、ジョン・ボーナムといったドラマーに影響を受けた。ヘヴィメタル界におけるツーバス奏者のパイオニアの1人でもある。
「ローリング・ストーン誌の選ぶ歴史上最も偉大な100人のドラマー」において44位。",1
トミー・スナイダー,"トミー・スナイダー（Thomas Charter ""Tommy"" Snyder、1952年12月20日 - ）は、音楽家、ロックバンド『ゴダイゴ』のドラマーである。
作詞作曲、フルート、鉄琴、木琴、ボーカルもこなし、ソロアルバムの発表や、他ミュージシャンへの歌詞・楽曲の提供などを行っている。
ボーカル曲として、大追跡 (テレビドラマ)のエンディング曲「Shadows of a Man」、ルパン三世の挿入歌「Lovin' You(Lucky)」「Super Hero(ルパン三世のテーマ)」、海底超特急マリンエクスプレスの主題歌「ザ・マリン・エクスプレス」、あぶない刑事の挿入歌「Night Waves」などを担当している。
父シドニー・スナイダーはピアノを弾いた。娘シャンティ・スナイダーは歌手。1977年、ゴダイゴの浅野良治の後任として来日。
TAMAのドラムを長年に渡って愛用している。
ローランドの楽器デモンストレーションを行っている。",1
トミー・プライス,トミー・プライス（Thommy Price 1956年12月9日-）は、ニューヨーク・ブルックリン出身のロック・ドラマー。,1
トミー・リー,トミー・リー（Tommy Lee、1962年10月3日 - ）は、モトリー・クルーのオリジナル・ラインナップのドラマー。一時脱退するが、ラッパー、モデル、大学生を経て、2005年のワールド・ツアーより復帰する。本名トーマス・リー・バス（Thomas Lee Bass）。身長188cm。,1
富田京子,富田 京子（とみた きょうこ、1965年6月2日 - ）は、日本のドラマー、作詞家、ミュージシャン、ラジオパーソナリティ。神奈川県横浜市戸塚区生まれ。「プリンセス プリンセス」のメンバーとして知られる。,0
TOMO,,0
TOMOYA,"TOMOYA (ともや、1985年2月26日 - )は、神奈川県横浜市出身のスプレーアート作家。太田プロダクション所属
カナダ トロントでアート、語学、写真、音楽などさまざまな事に触れ,ライブペインティングや作品提供などを行ったのち2008年に帰国。
日本でのスプレーアート第一人者。日本で初めてスプレーアートライブパフォーマンスや作品をメディアなどで披露する。ライブペイントパフォーマンス、制作、作品提供の他、楽曲制作など幅広いアーティスト活動を行っている。制作ラインでは独自に開発した世界初のオリジナルのスプレーアート技法により様々なコレクションの作品を発表している。
また、第一人者であるTOMOYAの作品が認められ、クリスチャンラッセンなど国内で独占的に契約しているアールビバン株式会社でTOMOYAのスプレーアート作品（宇宙シリーズ）も2022年度より取り扱い開始。
海外活動もしておりニュース番組の出演や、本などへの作品提供も行っている。",0
Tomoi,Tomoi（トモイ、1970年11月17日 - ）は、日本のミュージシャン、ドラマー。愛知県出身。血液型はO型。中日ドラゴンズの大ファン、趣味は釣り。,0
トラヴィス・バーカー,トラヴィス・ランドン・バーカー (Travis Landon Barker、1975年11月14日 - ) とは、アメリカ合衆国 カリフォルニア州 フォンタナ出身のドラマー、音楽プロデューサー、ソングライターである。人気パンクバンド、ブリンク 182の敏腕ドラマーとしてだけでなく、多方面で活躍中。,1
トレ・クール,"トレ・クール (Tré Cool, 本名 Frank Edwin Wright III)は、旧西ドイツ フランクフルト生まれ、アメリカ カリフォルニア州 メンドシーノ・マウンテン育ちのドラマー。アメリカのロックバンド、グリーン・デイでドラムやコーラスを担当している。",1
ドン・ブリューワー,,1
ドン・ヘンリー,"ドン・ヘンリー（Don Henley、1947年7月22日 - ）は、アメリカ合衆国テキサス州出身のドラマー、歌手。カントリー・ロック・バンド、イーグルスのメンバーとして知られる。
「ローリング・ストーンの選ぶ歴史上最も偉大な100人のシンガー」において第87位。
「Q誌の選ぶ歴史上最も偉大な100人のシンガー」において第85位。",1
ナイジェル・グロックラー,"ナイジェル・グロックラー（Nigel Glockler, 1953年1月24日 -　）は、イギリスのHM/HRドラマー。イースト・サセックス、ホヴ出身。キャリアの多くをNWOBHMの代表的バンド、サクソンのメンバーとしてプレイし、現在も活躍中。",1
NAO,"NAO： Drums, 1970年7月7日、O型 (BY-SEXUAL→BY-SEX→machine→nitro→food→現在machine/BADUB/FOOD)",0
NAO,NAO（1978年7月28日 - 、AB型）ドラム担当,0
Nao,,0
中幸一郎,中 幸一郎（なか こういちろう、1964年〈昭和39年〉3月12日 ）は、日本のドラマー、ミュージシャンである。,0
長井一郎,"長井 一郎（ながい いちろう、1963年3月26日 - ）は、日本のロックバンドや声優ユニットのドラムを手がけているドラマー。新潟県新潟市出身。血液型はO型。
愛称「バルさん」。",0
永井利光,"永井利光（ながいとしみつ、1964年6月7日 - ）は、日本のミュージシャン、ドラマー。宮崎県都城市出身。
主に、GLAYや氷室京介のサポートドラマーとして活動している。そのほか、EXILE TAKAHIROなど。その際の名義は、「Toshi Nagai」。（通称Toshi）。その他に、音楽スクール等でドラムクリニックを行っている。",0
永江由侍,,0
中沢啓光,,0
中園浩之,,0
中田ケイゴ,,0
中畑大樹,青森県出身。血液型B型。日本工学院出身。愛称はナカハタ、大樹ちゃん、なかはたいこ等。ライヴではメインMCを担当している。一部の曲においてはエンジニア、またCD・DVD作品やツアーTシャツのデザインなども担当。インディーズ時代は黒髪であったが、メジャーデビュー以降は金髪がトレードマークとなる。使用機材はTAMAのStarclassic'Set。VOLA & THE ORIENTAL MACHINE結成時から期限無しレンタル移籍加入という形でドラムとして参加していたが、Syrup16gの解散に伴い正式メンバーとなり、その後もPERIDOTS、plenty、宇宙まお、ハルカトミユキ、清春、tacica、杉本恭一など、多くのバンドのサポートドラマーとして活動。,0
中村逸人,,0
中村達也,中村 達也（なかむら たつや、1965年1月4日 - ）は、日本のミュージシャン、ドラマー、俳優。1987年から2000年までBLANKEY JET CITYのドラマーとして活動し、2013年までソロプロジェクトのLOSALIOSで活動。富山県出身。,0
中村貞祐,,0
中村優規,中村 優規（なかむら ゆうき、1977年8月24日 - ）は日本のドラマー。福岡県北九州市出身。血液型B型。,0
中屋全次郎,,0
ナカヤマシンペイ,ナカヤマシンペイ：Dr／Cho,0
名越藤丸,,0
灘友正幸,,0
natsu,,0
奈良崎幸司,,0
ナラダ・マイケル・ウォルデン,ナラダ・マイケル・ウォルデン（Narada Michael Walden、1952年4月23日 - ）は、アメリカのドラム奏者、音楽プロデューサー。ドラマーとしては非常に卓越した技巧を持ち、細かくスピード感あふれるストロークは彼のプレイ・スタイルの象徴となっている。,1
ナル,,0
ナヲ,,0
新居伸亮,,0
新井田耕造,新井田 耕造（にいだ こうぞう、1953年3月25日 - ）は、日本のドラマー。現憂歌団ドラム担当。RCサクセションなどの活動で知られる。,0
ニール・パート,"ニール・エルウッド・パート O.C.（Neil Ellwood Peart, Officer of the Order of Canada ; 1952年9月12日 - 2020年1月7日）は、カナダ出身のミュージシャン、作詞家。ハードロック/プログレッシブ・ロックバンド「ラッシュ」のドラマーとして知られる。日本語表記では「パート」とされることが多いが、実際の発音は[pɪərt]で、日本語のカタカナにすると「ピアート」に近い。
1983年、『モダン・ドラマー』誌の読者人気投票で殿堂入りを果たすほか、『ローリング・ストーン』誌の「読者が選ぶ史上最高のドラマー」で第2位、『リズム・マガジン』誌による「史上最高のドラマー50人」で第4位、Gigwiseによる「史上最高のドラマー」で第4位に選ばれるなど、数々の賞を受賞している 。1996年には、バンド・メンバーのアレックス・ライフソン、ゲディー・リーとともに、カナダ勲章を受勲している（Officer of the Order of Canada）。",1
ニコ・マクブレイン ,"ニコ・マクブレイン（Nicko McBrain、本名Michael Henry McBrain、1952年6月5日 - ）は、イギリス・ロンドン出身のヘヴィメタルバンド「アイアン・メイデン」のドラマー。""ニコ""とは子供時代のニックネーム（本名はマイケル・マクブレイン）。いつも持ち歩いていたぬいぐるみ""Nicholas the bear""から来ているという。米国フロリダ州ボカラトン在住。彼の使用するVicFirth製スティックには、""BOOMER""という現在のニックネームが付けられている。
フランスのヘヴィメタルバンド、トラスト、パット・トラヴァースバンドなどを経て、4thアルバム『頭脳改革』より参加。前ドラマー、クライヴ・バーのシンプル且つパワフルなドラミングとは一線を画した、トリッキーで手癖のあるドラミングで、今となってはアイアン・メイデンらしさを演出するには欠かせない存在。
2013年2月24日に、ニコの妻・レベッカが、フロリダ州ボカラトンの自宅で、夫・ニコに対して装飾用の刀剣で襲撃し、さらに薪を投げつけ、軽傷を負わせたDVの容疑を問われ、5月3日に判決を控えていると、タウンニュース・サイトの「ボカ・ニュース・ナウ」が伝えている。レベッカは逮捕され、パーム・ビーチ拘置所に身柄を拘束されたが、その後は保釈されている。その後の罪状認否で、レベッカは無罪を主張しており、被害者がニコかどうかさえ不明だという。
2018年2月、マンチェスター市内に、元の楽器店のオーナーが引退したのちに経営を受け継ぐ形で自身がオーナーを務めるドラム、パーカッション専門の楽器店「Nicko McBrain's Drum One」がオープンした。",1
西浦真奈,,0
西尾寛,,0
西田竜一,,0
西森武史,,0
ニック・メイスン,"ニック・メイスン（Nick Mason、CBE、1944年1月27日 - ）は、イングランド出身のロックミュージシャン、ドラマー、音楽プロデューサー。
同国のプログレッシブ・ロック・バンド「ピンク・フロイド」の創設メンバー。2019年、大英帝国勲章（CBE）を叙勲。
ローリングストーン誌選出「歴史上最も偉大な100人のドラマー」第51位。
（※ニック・メイソンとの表記もあり。ピンク・フロイドにおける経歴は「ピンク・フロイド」の項を参照）",1
ニック・メンザ,"ニック・メンザ（Nick Menza, 1964年7月23日 - 2016年5月21日）は、アメリカ合衆国のドラマー。1989年から1999年までメガデスに所属していた。
ジャズ・サックス奏者、ドン・メンザの息子として生まれ、2歳の頃よりドラムの演奏を始める。なお、当時父親が軍隊に所属していた都合で、出生地はミュンヘンである。18歳になってから音楽活動を本格的に始め、ランディ・ローズの実弟のバンドやジョン・フォガティなど、ジャズやR&B、ファンクなど様々ジャンルでの活動を経て、やがて、オーディションの結果、解雇されたチャック・ビーラーの後任としてメガデスに加入し、彼らの黄金時代を支えた。
しかし、1998年に重度の膝の故障によりリハビリ生活を送ることになり、音楽活動の休止を強いられる。これに伴い、メガデスのライブツアーの出演は一切キャンセルとなり、代役として元Y&Tのジミー・デグラッソが迎えられる。ところが、ニックの復帰が待たれることなくそのままジミーが正式なメンバーに昇格したため、バンドを解雇された。
2004年にメガデスが再結成されるとライブツアーに参加したため、一時期彼の復帰が噂されたが、結果的に「準備不足」を理由に解雇され、バンドへの復帰はかなわなかった。
その後は、ソロ活動と並行しながら、Orphaned to Hatredという地元・ロサンゼルスで活動するバンドに参加したが、このバンドからも2010年をもって離脱した。その後、DeltanautとMenzaという2つのソロバンドで活動した。
2016年5月21日、ロサンゼルスのジャズクラブで、自身の所属するインストゥルメンタル・バンド「OHM」のライブ中に心臓発作で倒れ、死去。51歳没。",1
にゃんごすたー,にゃんごすたー（Nyango Star）は、青森県黒石市出身のゆるキャラ、ドラマー。運営会社および所属事務所は音楽制作会社のビーイング。,0
ぬのかわしゅうじ,,0
NUMA,,0
沼澤尚,沼澤 尚（ぬまざわ たかし、1960年4月19日 - ）は、日本のドラマー。東京都新宿区出身。父は元プロ野球選手の沼澤康一郎。,0
NO FUN PIG,,1
野口薫,野口 薫（のぐち かおる、1968年11月13日 - ）は、日本のドラマー、ボーカリスト、ギタリスト。神奈川県綾瀬市出身（出生は厚木市）。身長174cm、血液型A型。,0
野口明彦,野口 明彦（のぐち あきひこ、1953年3月6日 - ）はミュージシャン（ドラマー）。東京都中野区出身。,0
野崎真助,"野崎 真助（のざき ますけ、1975年12月10日 - ）は、日本のドラマーである。石川県立金沢泉丘高等学校卒業。
音楽界ではMASUKE（マスケ）の愛称で呼ばれている。弟の野崎森男も同じくミュージシャンでベーシストである。",0
野沢久仁子,,0
野村光朗,,0
則竹裕之,則竹 裕之（のりたけ ひろゆき、1964年8月27日 - ）は、兵庫県川西市出身（出生地は大阪府）の、日本のドラマー。昭和音楽大学講師。身長170cm、体重54kg。血液型はAB型。,0
ハーリン・ライリー,,1
ハーヴィー・メイソン,"ハーヴィー・メイソン（Harvey Mason、1947年2月22日 - ）は、アメリカ合衆国ニュージャージー州アトランティック・シティ出身のジャズ・フュージョンを中心に活動しているドラマー、音楽プロデューサー、作曲家。ドラマーとして最も活躍しているセッション/スタジオ・ミュージシャンの一人。
息子のハーヴィー・メイソン・ジュニアはプロデューサーで、父が属するフォープレイにも携わっている。",1
Hagi,,0
橋詰聡,,0
橋本章司,HOUND DOG（ハウンド・ドッグ）は、1976年（昭和51年）結成された大友康平を中心とした日本のロックバンド。代表曲に「浮気な、パレット・キャット」（1982年）、「ff (フォルティシモ)」（1985年）、「BRIDGE〜あの橋をわたるとき〜」（1992年）など。1980年代後半に絶大なライブ動員力を誇った。バンド自体は2005年に解散したが、その後大友がバンド名を使用して独りでライブ活動を続けている。,0
ハゼ,,0
長谷川浩二,長谷川 浩二（はせがわ こうじ、1965年4月4日 - ）は、日本のドラマー。神奈川県横浜市出身。,0
長谷部徹,"長谷部 徹（はせべ とおる）は、日本のミュージシャンで、同姓同名の別人が2人いる。

長谷部徹 (ドラマー) - ドラマー。元THE SQUAREのメンバー。
長谷部徹 (作曲家) - 作曲家・編曲家。",0
刃田綴色,,0
ハッチー・ブラックボウモア,,0
パット・トーピー,"パット・トーピー（Pat Torpey、1953年12月13日 - 2018年2月7日）は、アメリカ合衆国出身のロックミュージシャン、ドラマー、ソングライター。
ハードロックバンド「MR. BIG」のメンバーとして知られ、他にもロバート・プラント、リッチー・コッツェン、マイケル・トンプソン、ザ・ナック、ジョン・パー、ベリンダ・カーライル、ジョニー・ハイランド、B'z などセッション活動でも数多くの実績を誇る。",1
パット・マステロット,パット・マステロット（Pat Mastelotto、1955年9月10日 - ）は、アメリカ合衆国のドラマー。1984年にMr.ミスターのメンバーとしてデビュー。後年は、キング・クリムゾンやスティック・メン等で活動している。,1
バディ・マイルス,,1
バディ・リッチ,"バディ・リッチ（Buddy Rich、1917年9月30日 - 1987年4月2日）は、アメリカ合衆国のジャズ・ドラマー、バンドリーダー。
細かく刻んだ音符を、速く正確に叩く超絶技巧を得意とし、長時間演奏してもグルーブ感が損なわれないのが特長である。アメリカではビッグバンド・ジャズの新境地を開いた人物、およびビバップの誕生に協力したジャズ・マンとして尊敬されている。",1
バーナード・パーディ,バーナード・パーディ（Bernard Purdie、1939年6月11日 - ）は、アメリカのドラマーである。セッション・ドラマーとして、ソウル、R&Bを中心に多数のレコーディングに参加した。,1
ハナ肇,"ハナ 肇（ハナ はじめ、本名：野々山 定夫（ののやま さだお）、1930年〈昭和5年〉2月9日 - 1993年〈平成5年〉9月10日）は、日本のドラマー、コメディアン、俳優。コミックバンド「ハナ肇とクレージーキャッツ」のリーダーであり、同バンドのドラマーでもある。
東京府北豊島郡（現在の東京都豊島区）長崎町生まれ、工学院土木科（後の工学院大学専門学校）中退。1990年10月13日、特選校友として学長より証書を授与され卒業を認められる。
妻は、結婚当時日活のスター女優だった島村葉子。かつて阪神タイガース、埼玉西武ライオンズに在籍した元プロ野球選手の桟原将司は又甥に当たる（ハナの兄が桟原の祖父という関係である）。",0
はなぶさ竜介,"はなぶさ 竜介（はなぶさ りゅうすけ、1961年〈昭和36年〉3月11日 - 2017年〈平成29年〉1月24日）は、神奈川県川崎市出身のドラマー。英竜介、はなぶさ龍介などの種々な表記を使う。
愛称はリュースケ。",0
浜田省吾,"浜田 省吾（はまだ しょうご、1952年〈昭和27年〉12月29日 - ）は、日本のシンガーソングライター。
広島県竹原市生まれ。広島県立呉三津田高校卒業、神奈川大学法学部中退。1975年、愛奴のメンバー（ドラムス・パーカッション）としてプロデビューし、1976年にシングル「路地裏の少年」とアルバム『生まれたところを遠く離れて』でソロデビュー。
マスコミや一部のファン等から「浜省」という愛称で呼ばれている。",0
ハム,,0
林立夫,林 立夫（はやし たつお、1951年5月21日 - ）は、東京都出身のドラマー、音楽プロデューサー。,0
林ゆたか,"林 ゆたか（はやし ゆたか、1947年2月24日 - ）は、日本のバンドドラマー・元俳優。本名は林 温。
東京都出身。城西大学附属城西高等学校卒業。テアトル・ド・ポッシュ、オフィスBINに所属していた。
長兄はアニメーション演出家のりんたろう（本名：林重行）。次兄は同じくアニメーション演出家の林政行。",0
"原""GEN""秀樹",,0
原田イサム,,0
原田俊太郎,原田 俊太郎（はらだ しゅんたろう、1955年 - ）は、日本のジャズ・ドラマー、音楽プロデューサー。本名は原田 俊一（はらだ しゅんいち）。デビュー当初は本名名義で音楽活動をしていたが、その後今の芸名に改名した。,0
原田裕臣,原田裕臣（はらだゆうじん、1944年2月14日 - ）は、日本の男性ミュージシャン、ドラマー。本名同じ。神奈川県川崎市出身。ゴダイゴの元メンバー。,0
パワー勝野,,0
ハワード・グライムス,,1
坂東慧,坂東 慧（ばんどう さとし、1983年8月19日 - ）は、日本のドラマー。フュージョンバンド・T-SQUAREのメンバー。大阪府出身。愛称は『バンちゃん』。,0
伴野健,,0
東原力哉,東原 力哉（ひがしはら りきや、1956年7月19日 - ）は1980年代の関西異色フュージョンバンド「ナニワエキスプレス」のドラマー及びスタジオ・ミュージシャンである。香川県高松市生まれ。,0
ハル・ブレイン,"ハル・ブレイン（Hal Blaine, 出生名：Harold Simon Belsky, 1929年2月5日 - 2019年3月11日）は、アメリカ合衆国マサチューセッツ州出身のセッション・ドラマーでスタジオ・ミュージシャン。ロネッツの「ビー・マイ・ベイビー」のイントロのドラミングなどで知られ、1960年代から1970年代を中心に全米1位約40曲、全米10位以内約150曲を含む、延べ3万5千曲以上の録音に参加した。",1
B.J.ウィルソン,,1
ピーター・アースキン,ピーター・アースキン（Peter Erskine、1954年6月5日 - ）は、ジャズ及びフュージョンのドラム奏者、作曲家。ロサンゼルス在住。,1
ピーター・ウィルドアー,ピーター・ウィルドアー（Karl Peter Wildoer、1974年9月5日 - ）は、スウェーデン・グルムスレーヴ出身のヘヴィメタル・ミュージシャン。ダーケインのドラマーであり、同バンドをメインバンドとして活動している。その他にもエレクトロキューション250やグリムマークのドラマーでもある。過去には、アルマゲドン、マジェスティック、ペスティレンス、シルヴァー・セラフ、タイム・レクイエム、ガーデンズ・オブ・オブスキュラリティ、ドーン・オブ・オブリヴィオンなどでもドラマーとして活動していた。また、アルバムセッションやライヴセッションとしてアーチ・エネミー、ソイルワーク、オールド・マンズ・チャイルドなどに参加している。また、ドラマーだけでなくヴォーカリストとして活動することもあり、ノン・ヒューマン・レヴェルや、クラウドスケープ（アルバムセッション）での活動が挙げられる。ドリーム・シアターのボーカリスト・ジェイムズ・ラブリエのソロプロジェクトでもドラムスとハーシュ・ヴォーカルを担当している。,1
ピーター・クリス,ジョージ・ピーター・ジョン・クリスコーラ（George Peter John Criscuola　1945年12月20日 - ）は、アメリカのミュージシャン、ドラマー、ヴォーカリスト。ピーター・クリス（Peter Criss）の芸名で知られる。ロックバンドキッスのオリジナルメンバーとしてドラムス、ヴォーカルを担当。キッス在籍時のキャラクターはネコのメイクを施したTHE CATMAN。ソロ活動はキッスの元メンバーと絡む事が多い。身長175cm。,1
ピーター・テクレン ,"ピーター・テクレン (Alf Peter Tägtgren、1970年6月3日 - )は、スウェーデンのヘヴィメタルミュージシャン、音楽プロデューサー、レコーディング・エンジニア。メロディックデスメタルバンド、ヒポクリシーの中心人物であり、ソロプロジェクト、ペインでも活動している。スウェーデンのレコーディング・スタジオ、アビス (The Abyss)のオーナーでもある。同スタジオで、音楽プロデューサー、レコーディング・エンジニアとして活動している、トミー・テクレン (Tomy Tägtgren)は兄。
2000年頃のヒポクリシーでは、7弦ギターを使用していた。その後は、通常の6弦ギターに戻っている。",1
ピート・サンドヴァル,ピート・サンドヴァル（Pete Sandoval、1969年5月21日 - ）は、エルサルバドル・サンタ・アナ生まれのアメリカ合衆国のヘヴィメタルミュージシャン（ドラマー）。セイビアンのシンバルとエヴァンズのドラム・ヘッドを使用している。,1
ピート・ベスト,ランドルフ・ピーター・ベスト（英語: Randolph Peter Best、1941年11月24日 - ）は、イギリスのドラマー。ビートルズのメンバーとしてメジャーデビューする直前まで在籍していたことで知られ、「5人目のビートルズ」と呼ばれる。,1
ピート・ヨーク,ピート・ヨーク（Pete York、1942年8月15日 - ）は、イギリスのドラマー、作曲家、ボーカリスト。1960年に活躍したスペンサー・デイヴィス・グループのメンバーとして著名。確かなテクニックでロックから正統派のジャズまで幅広く演奏するオールラウンド・プレイヤーで、現在に至るまで数多くのセッション活動を行っている。,1
ピエール中野,ピエール中野（ピエールなかの、1980年7月18日 - ）は日本のロックバンド・凛として時雨のドラマー。凛として時雨以外にも数々のバンド・ユニットにドラマーとして参加（後述）。また、DJピエール中野名義でDJ、クールJ名義でヒップホップユニット・玉筋クールJ太郎のMCも務める。本名は中野 正敏（なかの まさとし）。埼玉県越谷市出身。愛称は「ピ様」。,0
ピエール・ムーラン,ピエール・ムーラン（Pierre Moerlen、1952年10月23日 - 2005年5月3日）は、フランスのドラマーおよびパーカッショニストであり、ゴングとマイク・オールドフィールドとの仕事、およびピエール・ムーランズ・ゴングとして最もよく知られている。,0
東佳樹,東 佳樹（ひがし よしき、1975年8月9日 - ）は、日本のドラマー、パーカッショニスト。シエナ・ウインド・オーケストラ打楽器奏者。,0
東浦真一,,0
樋口晶之,樋口 晶之（ひぐち まさゆき、1954年2月24日 - 2017年7月3日）は、愛知県名古屋市出身のドラマー。,0
樋口宗孝,樋口 宗孝（ひぐち むねたか、1958年12月24日 - 2008年11月30日）は、日本のドラマー、音楽プロデューサー。奈良県奈良市出身。大阪府立藤井寺高等学校卒。身長177cm。愛称は「ひぐっつあん」。,0
英樹,,0
瞳みのる,瞳 みのる（ひとみ みのる、本名：人見 豊【読みは同じ】、1946年9月22日 - ）は、日本のドラマー、中国文学・中国語研究者。グループ・サウンズ：『ザ・タイガース』のメンバーとして活躍。ザ・タイガース解散以後は慶應義塾高等学校教諭として中国語・漢文を担当し、漢文・中国語関連参考書を出版したことでも知られる。近年は作詞、作曲、訳詩、戯曲の原作、脚本、日中近代音楽の交流史の研究などを行なっているが、旧ザ・タイガースのメンバーとの音楽活動を再開したり、自らバンドを組織したり、戯曲の原作やプロデュースによる独自の芸能活動・執筆活動も行っている。2016年は初めて自らのバンドにて、北京で公演を行った。,0
日野元彦,日野 元彦（ひの もとひこ、1946年1月3日 - 1999年5月13日）は、東京都出身のジャズドラマー。,0
ピップ・パイル,ピップ・パイル（Pip Pyle、1950年4月4日 -  2006年8月28日）は、後にフランスに居住した、イギリス・ハートフォードシャー州のソーブリッジワース出身のドラマー。プログレッシブ・ロックのカンタベリー・ロックにカテゴライズされるバンド、ゴング、ハットフィールド・アンド・ザ・ノース、ナショナル・ヘルスにおける活動で最もよく知られている。,1
HIDE,"hide（ヒデ、本名：松本 秀人〈まつもと ひでと〉、1964年〈昭和39年〉12月13日 - 1998年〈平成10年〉5月2日）は、日本のミュージシャン、ギタリスト、歌手、プロデューサー。神奈川県横須賀市出身。1987年から1997年までX JAPAN（旧名：X）のギタリストとしてHIDE名義で活動。2007年のX JAPAN活動再開以降も正式メンバーとして在籍。1989年にアルバム『BLUE BLOOD』でXのメンバーとしてメジャー・デビュー。 愛称は「ヒデさん」、「ヒデくん」、「ヒデちゃん」。身長170cm。血液型AB型。
1993年より、hide名義でソロ活動も開始し、1996年にはレコードレーベル「LEMONed」（レモネード）を設立。1997年のX JAPAN解散後はhide with Spread Beaver及びzilchでの活動を開始するも、1998年5月2日に急逝。",0
響,,0
ビョーン・イエロッテ ,"ビョーン・イングヴァル・イエロッテ (スウェーデン語: Björn Ingvar Gelotte、1975年8月27日 - )は、スウェーデンのヘヴィメタルミュージシャン（ギタリスト、ドラマー）、作曲家。メロディックデスメタルバンド、イン・フレイムスのギタリストとして著名。
2004年にギターワールド誌の『GUITAR WORLD's 100 Greatest Heavy Metal Guitarists Of All Time』では、イン・フレイムスで同僚のイェスパー・ストロムブラードと共に、70位に選出された。これは、メロディックデスメタル系のギタリストとしては最上位である。
また、ギター以外にもドラムスも演奏し、イン・フレイムス加入時はドラマーとして活動していた。",1
平本レオナ,,0
平谷庄至,"平谷 庄至（ひらや　しょうじ、1965年10月22日 - ）は、日本のドラマー。北海道札幌市出身。
KEMURIのドラマー。「SFN」、「Ayumo&KYC」、「Happy Aliens」を結成。",0
平山牧伸,,0
ビリー・コブハム,ビリー・コブハム（Billy Cobham、1944年5月16日-）は、パナマ系アメリカ人のドラマー。主にジャズおよびフュージョンの分野で活動しており、マイルス・デイヴィスやマハヴィシュヌ・オーケストラとの仕事で知られる。名字は一般的に「コバム」のように発音される。,1
ビリー・ヒギンス,"ビリー・ヒギンス（Billy Higgins, 1936年10月11日 - 2001年5月3日 ）はアメリカ合衆国のジャズドラマー。原語発音は「ヒギンズ」と濁る。",1
ビル・カーティス,,1
ビル・クルーツマン,,1
ビル・スチュワート,,1
ビル・ブルーフォード,"ビル・ブルーフォード（Bill Bruford、本名：William Scott Bruford、1949年5月17日 - ）は、イングランド出身のミュージシャン、ドラマー。
「イエス」「キング・クリムゾン」「ジェネシス」のプログレ三大グループに在籍（ジェネシスはツアー・メンバー）し、自ら率いたジャズ・ロックバンド「ブルーフォード」やフュージョンバンド「アースワークス」でも活動した。ジャズ志向のロックドラマーの代表格として知られ、「ゴング」や「ナショナル・ヘルス」のようなカンタベリー系とよばれたジャズに影響を受けた実験的なロックの分野でも数多くのセッション実績を持つ。
ローリング・ストーン誌選出「歴史上最も偉大な100人のドラマー」第16位。",1
ビル・リーフリン,"ビル・リーフリン（Bill Rieflin、1960年9月30日 - 2020年3月24日）は、アメリカ合衆国出身のミュージシャン、マルチ奏者。
1990年代に、多くの著名グループ（特にインダストリアル・ロックおよびインダストリアル・メタル・シーン）のドラマーとして活躍。マルチプレイヤーとしての才能も発揮し、「R.E.M.」「キング・クリムゾン」などで定期的に活動した。",1
HIRO,,0
HIRO,,0
廣石恵一,廣石恵一（ひろいし けいいち）は、日本のドラマー。通称廣石組長、K-1（ケーワン）。1960年11月15日生まれ。元杉山清貴&オメガトライブのメンバー。横山とは長年のバンド仲間。一時期作曲のみに専念し、バンドでの音楽活動をあきらめかけていた横山を引き戻した人物。,0
HIROKI,HIROKI（ヒロキ、Drums）ex.→OVERTKER→未散プロジェクト→Aioria→S to M→D(HIROKI/大城) / アイオロス、MU:TATION。群馬県出身、7月20日生まれ。血液型AB型。蟹座。身長：178cm、体重：60kg。影響を受けた音楽：BUCK-TICK、DEAD END,0
HIROSHI,HIROSHI（ヒロシ・寛 9月18日 - ）は、日本のドラマー、ミュージシャン。岡山県倉敷市出身。,0
広田周,,0
広永鷹文,,0
ファンキー末吉,"ファンキー末吉（ファンキーすえよし、1959年7月13日 - ）は、日本のミュージシャン、ドラマー、文筆家。本名は末吉 覚（すえよし さとる）。
香川県坂出市出身。香川大学教育学部附属坂出中学校、香川県大手前高等学校卒業、神戸商科大学（現：兵庫県立大学）管理科学科中退。
ファンキーとは自身がファンク指向であったことから付けられた芸名である。",0
フィリー・ジョー・ジョーンズ,"フィリー・ジョー・ジョーンズ（Philly Joe Jones , 1923年7月15日-1985年8月30日）は、アメリカ合衆国ペンシルベニア州フィラデルフィア出身のジャズ・ドラマー。",1
フィル・コリンズ,"フィル・コリンズ（Phil Collins、1951年1月30日 - ）は、イギリスのドラマー、歌手、ミュージシャン。身長168cm。左利き。
バンド活動と並行してソロでも活躍し、1980年代から1990年代にかけて数々の大ヒットを記録した。シングルとアルバムの総売り上げは1億5000万枚。
女優のリリー・コリンズは娘である。",1
福岡晃子,福岡 晃子（ふくおか あきこ、1983年4月16日 - ）は、日本のベーシストである。徳島県徳島市出身。血液型はA型。ロックバンド・チャットモンチーのベース・コーラスで、2002年から解散まで務めた。,0
福田健治,,0
藤井がちゃ彦,,0
藤井ヤスチカ,,0
藤岡麻美,"藤岡 麻美（ふじおか まみ、1982年5月27日 - ）は、日本のアクション女優。タレント・シンガーソングライター、女性アイドルグループ「チェキッ娘」の元メンバー。千葉県鎌ケ谷市出身、出生地は福島県（公式サイト上のプロフィールより）。血液型はA型。日本ではスカイコーポレーションに、台湾では「天藝娯樂有限公司」に所属。かつてはエムティエムプロダクション、デンナーシステムズに所属していた。
男2人、女2人の4人きょうだいの第2子（長女）であり、兄は俳優でモデルのディーン・フジオカ。",0
藤崎高寛,,0
藤田浩司,藤田 浩司（ふじた こうじ）は、日本のドラマー、ピアニスト、作曲家、プロデューサー。,0
藤本健一,藤本 健一（ふじもと けんいち、1974年3月31日 - ）は、日本のドラム奏者。別名義・愛称は「Ken☆Ken（ケンケン）」。三重県出身。血液型はO型。,0
藤原幸広,,0
BUKKA,,0
ブッチ・トラックス,,1
ふとがね金太,"ふとがね 金太（ふとがね きんた、1955年10月25日 - ）は、元ツイストのドラマー&リーダー、ミュージシャン ナレーター。本名：占部 隆一。
株式会社BEE FIT（ビーフィット）所属。",0
ブライアン・ダウニー,"ブライアン・マイケル・ダウニー（Brian Michael Downey　1951年1月27日 - ）はアイルランド・ダブリン出身のロック・ドラマー。幼馴染のフィル・ライノットとともにロックバンドシン・リジィを結成。
シン・リジィでは作曲にも数多く参加し、Allmusicの評論家エドゥアルド・リヴァダヴィアによれば、彼は「同時代のロック・ドラマーの中で最も過小評価された者のひとり」であるとのこと。
「ローリング・ストーン誌の選ぶ歴史上最も偉大な100人のドラマー」において82位。",1
ブライアン・ブレイド,ブライアン・ブレイド（Brian Blade、1970年7月25日 - ）は、アメリカのジャズ・ミュージシャン、セッションミュージシャン、シンガーソングライター、バンドリーダー、作曲家。担当楽器はドラム、パーカッション、ギター、ボーカル。,1
ブライアン・ベネット,"ブライアン・ローレンス・ベネット（Brian Laurence Bennett OBE, 1940年2月9日 - ）は、イギリスのミュージシャン、作曲家。1950年代から活躍するロック (音楽)・バンド、シャドウズのドラマーとして特に著名であるほか、作曲家として映画、テレビ音楽を多数手がける。",1
フランキー堺,"フランキー堺（フランキーさかい、（1929年〈昭和4年〉2月13日 - 1996年〈平成8年〉6月10日）は、日本のコメディアン、俳優、ジャズドラマー、司会者。
鹿児島県鹿児島市出身。本名は堺 正俊（さかい まさとし）。慶應義塾大学法学部卒業。",0
フリオ・キリコ,フリオ・キリコ（Furio Chirico 、1952年1月14日 - ）は、イタリア人のドラマー。主にプログレッシヴ・ロックおよびジャズ・ロックの分野で活動しており、イタリアン・ジャズ・ロックの最高峰アルティ・エ・メスティエリ(Arti & Mestieri)の創始者そしてブリティッシュ・イタリアン・プログレッシヴ・ロック・バンド、ザ・トリップ(The Trip)の歴史的ドラマーとして知られる。,1
BRITAIN,,0
古江俊裕,,0
古橋トール,,0
フレッド・ホワイト,,1
フロスト ,フロスト (Frost、本名:シェティル＝ヴィダル・ハラルドスタ (Kjetil-Vidar Haraldstad)、1973年6月28日 - )は、ノルウェーのヘヴィメタル・ミュージシャン (ドラマー)。ブラックメタルの分野で活動している。,1
フロ・モーニエ,,1
Fuyu,"FUYU（フユ）は、日本のドラマー。
J-POPからブラックミュージック、セッションまで様々な場で活動。EXILE ATSUSHI率いるRED DIAMOND DOGSのドラマーで、様々なアーティストのレコーディング・ライブに数多く参加、ソニー、ユニクロのCM、ジャズもこなす。",0
ベイビー・ドッズ,ベイビー・ドッズ（Baby Dodds、1898年12月24日 - 1959年2月14日）は、ルイジアナ州ニューオーリンズに生まれたジャズ・ドラム奏者である。,1
ベヴ・ベヴァン,ベヴ・ベヴァン（Bev Bevan、1944年11月24日 - ）は、イギリスのロック・ドラマー。ザ・ムーブ、エレクトリック・ライト・オーケストラ (ELO) のオリジナル・メンバーとして著名。1983年から1984年にはブラック・サバスのツアー・メンバーとしても活動した。,1
ベニー・ベンジャミン,,1
pero,,0
ポール・クック,"ポール・クック(Paul Cook, 1956年7月20日 -  )は、イギリスのパンク・ロックバンド、セックス・ピストルズのドラマー。ロンドンのハマースミス出身。",1
ポール・モチアン,,1
細川千弘,,0
ほな・いこか,ほな・いこか（1989年8月22日 - ）は、日本のドラマー、ミュージシャン、女優、タレントである。バンド・ゲスの極み乙女およびマイクロコズムのドラムス担当。女優としての活動名義はさとう ほなみ。佐藤 穂奈美（さとう ほなみ）名義での活動もある。女優業のマネジメントはワタナベエンターテインメント。東京都出身。,0
ボハノン,,1
ボブ・ロンディネリ,,1
堀江毅,,0
堀江睦男,,0
堀尾哲二,,0
堀之内大介,"Base Ball Bear（ベース ボール ベアー）は、日本のロックバンド。略称は「ベボベ」「BBB」。4人組バンドとして結成され、2006年にメジャー・デビュー。2016年からスリーピースバンドとして活動している。
レーベルはJVCケンウッド・ビクターエンタテインメント内の自主レーベル・DGP RECORDS、所属事務所はソニー・ミュージックアーティスツ。公式ファンクラブは「ベボ部」。",0
ポール・ハンフリー,ポール・ネルソン・ハンフリー ( Paul Nelson Humphrey  、1935年10月12日 – 2014年1月31日)は、アメリカのドラマー。,1
本間大嗣,本間 大嗣（ほんま ひろつぐ、1963年11月18日 - ）は、北海道出身のドラマー。FLATBACKER、LOUDNESSを経て、2001年から2013年まで再結成したANTHEMに参加していた。キーボーディストの三国義貴は従兄弟にあたる。,0
本間友浩,,0
MAH,,0
マービン・レノアー,"マービン・レノアー（Marvin Lenoar、1966年8月25日 - ）は音楽家、主にドラマーである。
作詞、作曲、プロデュース、ラップ、ボーカルなどの音楽活動を展開するほか、ミュージシャンへの歌詞・楽曲の提供などを行っている。ジャズミュージシャン、クリヤ・マコトのアルバムにも参加。",1
マイク・ビアード,,1
マイク・ポートノイ,"マイク・ポートノイ （Mike Portnoy、1967年4月20日 - ）は、アメリカ合衆国出身のドラマー、ミュージシャン、作曲家。
プログレッシブ・メタルバンド「ドリーム・シアター」の初代ドラマーとして知られる。
ローリング・ストーン誌の選ぶ「歴史上最も偉大な100人のドラマー」において2010年版では第8位であったが、改訂版の2016年版ではランク外となっている。",1
マイケル・ジャイルズ,"マイケル・ジャイルズ（Michael Rex Giles、1942年3月1日 - ）は、イングランド出身のドラマー。ロック・バンドのキング・クリムゾンの創設メンバーの一人。
「ローリング・ストーン誌の選ぶ歴史上最も偉大な100人のドラマー」において49位。",1
マイケル・シュリーヴ,マイケル・シュリーヴ（Michael Shrieve、1949年7月6日 - ）は、アメリカ合衆国のドラマー、パーカッショニスト、作曲家。ロック・バンド、サンタナのドラマーとして最もよく知られており、1969年から1974年にかけてバンドの最初の7枚のアルバムで演奏した。20歳の時、シュリーヴはウッドストックで演奏した2番目に若いミュージシャンであった。映画『ウッドストック/愛と平和と音楽の三日間』における「Soul Sacrifice」での彼のドラム・ソロは「電撃的」と表現されているが、1970年のタングルウッドにおける「Soul Sacrifice」でのドラム・ソロの方が優れていると自身では考えている。,1
マイケル河合,,0
ムース・トーマス,,1
マイケル・ホサック,マイケル・ホサック（Michael Hossack、1946年10月17日 - 2012年3月12日）はアメリカ合衆国のロック・ドラマー。ドゥービー・ブラザーズのメンバー。,1
牧野紘二,"FiⅤe（ファイブ）は日本のジャニーズ事務所所属の4人編成バンドで、ジャニーズJr.内のユニットの一つ。
1999年（平成11年）、テレビ朝日『8時だJ』内にて、「Ⅴ（ローマ数字の5）」の名前で結成が発表された。 後に「FIⅤE」に変更、その後、2007年（平成19年）5月16日に行われたLIVEより、「FiⅤe」と更に変更された。2011年12月30日のライブをもって活動停止した。",0
まこと,まこと（本名：堀内 誠（ほりうち まこと）、1968年12月31日 - ）は、ミュージシャン、作詞家、ドラム演奏家、タレント。大阪府羽曳野市出身。所属事務所はアップフロントクリエイト。,0
マコト・サカモト,マコト・サカモト（Makoto Sakamoto、坂元真、生年不明 - 2018年8月22日）は、イギリスで活動していた日本人ドラマー。Mako Sakamotoの表記も見受けられる。作曲家ユニットYUMAの元メンバー。,0
Mas Sawada,Mas Sawada（ます・さわだ、1955年 - ）は、日本の音楽プロデューサー、ミュージシャン、ドラマー。 本名は沢田昌孝（さわだ まさたか）。広島県福山市出身。近畿大学附属福山高等学校卒業、大阪産業大学中退。,0
MASAKing,MASAKing（まさきんぐ、1979年5月23日 - ）は、日本の音楽家、ドラマー、パーカッショニスト。自身では「電子打楽器奏者」と称している。宮城教育大学教育学部卒業。日本音楽教育学会所属。本名は鈴木正樹。,0
MASATO,"MASATOこと村上正人、日本のドラマー（ASSFORT/HELLBENT/恒正彦/ROSSO/SORROW/THE SHAVERZ)Masato
",0
マシータ,マシータ（1972年7月25日 - ）は、日本のドラマー。,0
升秀夫,升 秀夫（ます ひでお、1979年8月10日 - ）は、日本のドラマー。ロックバンド・BUMP OF CHICKENのドラマー。宮城県角田市生まれ、千葉県佐倉市出身。未年・獅子座。,0
舛岡圭司,舛岡圭司（ますおか けいじ、1971年9月1日 - ）は、大阪府堺市出身のドラマー。血液型O型。,0
MACHI,,0
松岡昌宏,松岡 昌宏（まつおか まさひろ、1977年1月11日 - ）は、日本の俳優・タレント・ドラマー。バンド形態の男性アイドルグループ・TOKIOのメンバー（ドラム担当）。北海道札幌市出身。所属芸能事務所はジャニーズ事務所で、株式会社TOKIOの取締役副社長・広報担当。,0
MAC,,0
マックス・ローチ,マックス・ローチ（Max Roach、1924年1月10日 - 2007年8月16日）は、アメリカ合衆国出身のジャズ・ドラマー。ケニー・クラークと並んで、最も早い時期からビバップのスタイルで演奏していたドラマーとして知られる。,1
松田晋二,松田晋二（まつだ しんじ、1978年5月24日 - ）は、日本のドラマー。THE BACK HORNのドラムス担当。福島県東白川郡塙町出身。バンドのリーダー。通称は「マツ」。,0
松田弘,松田 弘（まつだ ひろし、1956年〈昭和31年〉4月4日 - ）は、日本の男性ミュージシャン、シンガーソングライター。ロックバンドであるサザンオールスターズのメンバーで、ドラムを担当。宮崎県出身。所属事務所はアミューズ。所属レコード会社はJVCケンウッド・ビクターエンタテインメント、所属レーベルはタイシタレーベル。宮崎県立宮崎大宮高校中退。愛称は、ヒロシ、弘くん。,0
MAD大内,,0
松藤英男,松藤 英男（まつふじ ひでお、1954年4月19日 - ）は、日本のドラマー、作曲家、編曲家。福岡県福岡市出身。血液型はO型。,0
松永明日斗,,0
松永俊弥,松永 俊弥（まつなが としや、1958年6月22日 - ）は静岡県出身のセッション・ドラマー。株式会社ハーフトーンミュージック所属。テクノロックバンド・パール兄弟のメンバー。,0
松本和良,,0
松本隆,松本 隆（まつもと たかし、1949年7月16日 - ）は、日本の作詞家、ミュージシャン。ロックバンドはっぴいえんどの元ドラマー。東京都出身、兵庫県神戸市在住。,0
松本玲二,松本 玲二（まつもと りょうじ、1966年5月30日 - ）は日本のバンド、TUBEのドラマー、レーシングドライバー。神奈川県座間市出身。,0
松森英雄,,0
マモル・マヌー,マモル・マヌー（Mamoru Manu、1949年6月3日 - 2020年9月1日）は、日本のドラマー、ボーカリスト。本名は三枝 守（さえぐさ まもる）。山口県出身、横浜育ち。,0
MAYUMI,,0
マルクス・ヒルヴォネン,"マルクス・ヒルヴォネン（Markus Hirvonen、1980年5月26日 - ）は、フィンランドのヘヴィメタルミュージシャン（ドラマー）。インソムニウムのドラマーとして著名。
日本では、ファースト・ネームが英語読みのマーカス、ラスト・ネームが、長音がついたヒルヴォーネンと表記されることがある。
なお、ヌーメナで活動するギタリストは同姓同名の別人である。",1
丸山しんじ,,0
丸山晴茂,,0
MIE,,0
御木惇史,御木 惇史（みき あつし、1983年11月30日 - ）は、日本のドラマー、ドラム奏者、打楽器奏者、パーカッショニスト、Trackmaker、画家、アーティスト。,0
ミッキー・ディー,"ミッキー・ディー（Mikkey Dee、1963年10月31日 - ）は、スウェーデン出身のロックミュージシャン、ドラマー。
主にHR/HMの分野で活動し、特に英ロックバンド「モーターヘッド」で長らく活躍した。ほか「キング・ダイアモンド」「スコーピオンズ」などに在籍している。",1
ミッキー・ハート,,1
ミック・エイボリー,,1
ミイダシンジ,,0
MIZUHO,MIZUHO（ミズホ、1986年12月12日 - ）は、日本の元歌手、元ドラマー。本名は斉藤 瑞穂（さいとう みずほ）。ZONEの元メンバー。北海道札幌市出身。かつての所属芸能事務所はランタイムミュージックエンタテインメント。かつての所属レコード会社はソニー・ミュージックエンタテインメントで、レーベルはSony Records。血液型はA型。,0
道倉康介,,0
湊雅史,湊 雅史（みなと まさふみ、1966年3月20日 - ）は、日本のドラマー。DEAD ENDの旧メンバーで、DEAD END時代はバンド内での慣例に従い Minato 名義で活動していた。東京都で生まれ、13歳から札幌へ移る。血液型はO型。父親はジャズピアニストの湊孝夫。,0
みのすけ,みのすけ（1965年4月25日 - ）は、日本の舞台俳優、声優・ミュージシャン、ドラマーである。東京都出身。日本大学鶴ヶ丘高等学校卒業。身長163cm。,0
三原重夫,,0
三村隆史,"RAZZ MA TAZZ（ラズ マ タズ）は、1989年に結成された日本のロックバンド。1994年メジャー・デビュー。「美しいメロディーと甘い言語感覚」で人気があり“ポスト・ミスチル（Mr.Children）”と呼ばれた。
1999年に解散したが、2019年、20年ぶりに復活した。",0
宮ユキオ,,0
宮上元克,宮上 元克（みやがみ もとかつ、1969年2月1日 - ）は、日本のドラマー。THE MAD CAPSULE MARKETS 、ACE OF SPADESのメンバー。身長・182cm、血液型・B型、東京都中野区出身。既婚。,0
宮田繁男,宮田 繁男（みやた しげお、1958年5月3日 - 2014年3月30日）は、日本のドラマー・音楽プロデューサー。,0
宮野大介,,0
宮脇“JOE”知史,宮脇“JOE”知史（みやわき ジョー さとし、1964年5月6日 - ）は、日本のミュージシャン（ドラマー）。京都府出身。既婚。同志社香里高等学校卒。同志社大学中退。,0
三好真美,三好 真美（みよし まみ）は日本の作詞家、作曲家、歌手、ドラマー。rumania montevideoのボーカル。GIZA studio所属。大阪府在住。,0
向山テツ,向山 テツ（むかいやま てつ、1955年1月31日 - ）は、日本のドラマー。長崎県長崎市出身。身長174cm、体重55kg。血液型はA型。,0
牟田昌広,,0
村井守,,0
村石雅行,村石 雅行（むらいし まさゆき、1964年7月19日 - ）は、日本のドラマー、音楽プロデューサー。熊本県熊本市出身。血液型はA型。日本の音楽界で様々なアーティストの曲を支える。,0
村上“ポンタ”秀一,"村上 “ポンタ” 秀一（むらかみ ぽんた しゅういち、1951年1月1日 - 2021年3月9日）は、日本のドラム奏者。兵庫県西宮市出身。今津中学校、市立西宮高校を経て、大阪教育大学中退。血液型O型。愛称はポンタさん。別名、ポンタ村上。
ジャズ、ロック、J-POP、歌謡曲などジャンルを問わず、国内外でセッションドラマー/スタジオ・ミュージシャンとして活動。",0
村上寛,村上 寛（むらかみ ひろし、1948年3月14日 - ）は東京都出身のドラマー。,0
村上宏之,,0
村瀬シゲト,,0
村田勝美,,0
むらたたむ,むらた たむ（1992年9月25日 - ）は、日本のドラマー。「キュートなビジュアルからは想像できないパワフルなドラミングを繰り広げる」と評された。同名義の演奏動画の再生回数は、累計3139万回（2019年6月4日時点）。最も好きなドラマーはトニー・ロイスター・ジュニアで、熊谷徳明の楽器配置に影響を受けた。血液型はO型。夫は作曲家の山岡晃。,0
メルヴィン・パーカー,,1
メル・テイラー,メル・テイラー（Mel Taylor、1933年9月24日 - 1996年8月11日）は、ザ・ベンチャーズに在籍していたドラマーである。アメリカ合衆国、ニューヨーク州ブルックリン出身。,1
メル・ルイス,メル・ルイス（Mel Lewis、1929年5月10日 - 1990年2月2日）は、ジャズ・ドラム奏者、ビッグバンド・リーダー。,1
モーリン・タッカー,モーリン・タッカー（Maureen Tucker、1944年8月26日 - ）は、アメリカ合衆国のミュージシャン。ロックバンド、ヴェルヴェット・アンダーグラウンドのドラマーとして知られる。,1
茂木欣一,"茂木 欣一（もてぎ きんいち、1967年（昭和42年）12月15日 - ）は、日本のミュージシャン。
フィッシュマンズ、MariMari rhythmkiller machinegun及び東京スカパラダイスオーケストラのドラマーとして活動。
明治学院大学卒業。血液型はA型。愛称は「欣ちゃん」。",0
MOTOKATSU MIYAGAMI,,0
本木利尚,,0
イクエ・モリ,森 郁恵 イクエ・モリ（1953年12月17日 -  ）は、ニューヨークで活動するドラマー、エレクトロニック・ミュージシャン、作曲家、グラフィックデザイナーである。,0
森信行,森 信行（もり のぶゆき、1975年〈昭和50年〉6月20日 - ）は、日本のミュージシャン。ロックバンド、くるりの元ドラマー。現在はいくつかのバンドに所属しつつ、フリーのドラマーとして精力的に活動している。,0
森本繁,,0
矢尾拓也,矢尾 拓也（やお たくや、1988年1月22日 - ）は、日本のドラマー。3ピースバンドNanakambaのメンバー、パスピエの元メンバー。パスピエ在籍時はひらがな表記の“やおたくや”名義で活動していた。,0
ヤガミトール,ヤガミ トール（本名：樋口 隆、1962年8月19日 - ）は、日本のミュージシャン。群馬県高崎市出身。ロックバンド・BUCK-TICKのドラムで知られる。初期には「TOLL」と表記されていた。愛称は「アニイ」。BUCK-TICKの所属事務所である有限会社バンカーの元代表取締役（現在はボーカルの櫻井敦司が代表）。既婚。,0
八木優樹,,0
ヤキ・リーベツァイト,ヤキ・リーベツァイト（Jaki Liebezeit、本名Hans Liebezeit、1938年5月26日 - 2017年1月22日）は、ドイツ・ドレスデン出身のドラマー。ロックバンド「カン」の創設メンバーとして知られる。,1
薬師神勝,,0
矢島敏郎,,0
ヤスカ・ラーチカイネン,ヤスカ・W・ラーチカイネン (Jaska W. Raatikainen、本名：ヤスカ・イルマリ・ラーティカイネン (Jaska Ilmari Raatikainen)、1979年7月18日 - )は、フィンランドのヘヴィメタルミュージシャン (ドラマー)。メロディックデスメタルバンド、チルドレン・オブ・ボドムの元ドラマーとして著名。,1
柳田英輝,,0
ヤニ・ステファノヴィック,"ヤニ・ステファノヴィック（Jani Stefanović、1979年5月23日 - ）は、スウェーデン/フィンランドのヘヴィメタルミュージシャン、グラフィックデザイナー。出生地や、かつての活動の中心はスウェーデン・イェーテボリであるが、少年期から青年期にかけて、約8年間、隣国フィンランドのヘルシンキに在住しており、ヤニは「フィンランドは自分のすべての始まりの地である。」と述べている。また、2020年現在はフィンランドを活動の拠点としている。スウェーデンでの居住暦や活動歴も長いが、媒体によってはフィンランド人ともされており、正確な国籍は不明。
スウェーデンなどのヨーロッパのヘヴィメタルシーンでは、バンドの掛け持ちは普通に行われているが、ヤニのような数の掛け持ちを行っているミュージシャンは稀である。同様のミュージシャンとして、ヤニと複数のバンドで活動を共にするクリスチャン・アルヴェスタムも多くのバンドを掛け持ちしている。",1
矢野博康,矢野 博康（やの ひろやす、1970年12月24日 - ）は、日本の作家・音楽プロデューサー兼ドラマー。大分県大分市出身。ホリプロ所属。星座はやぎ座。,0
矢部浩志,矢部浩志（やべ ひろし、1963年12月21日 - ）は、ドラマー。「ベスト・クラシックス」を経て、1985年加入。広末涼子、石井竜也、キリンジなど数多くのアーティストのレコーディングやコンサートに参加。一方でメロディーメーカーとしてもセンスを発揮、在籍時は直枝に次ぐ数のレパートリーを生み出した。,0
山木秀夫,"山木 秀夫（やまき ひでお、1952年12月22日 - ）は、熊本県出身のドラマー。コレクションドラムスクール主催。
娘はアイドルグループX21のメンバーだった山木コハル。",0
山口智史,"山口 智史（やまぐち さとし）は日本のドラマー。生年月日は1985年3月20日（38歳）。ドラムス、コーラスを担当。身長168cm。血液型はA型[102]。右利き。既婚（2009年[114] - ）。なお、妻は武田の幼なじみである。
洗足学園音楽大学ジャズ科を中退。歌手の平原綾香は大学の同期。",0
山口昌人,山口 昌人（やまぐち まさと、1965年8月11日 - ）は、日本のミュージシャン、ドラマー。血液型はB型。愛称はPONちゃん。,0
山崎彰,,0
山下哲,,0
山田雅人,山田 雅人（やまだ まさと、1982年11月9日 - ）は、日本のドラマー。スリーピースロックバンド、シュノーケルのメンバーとして活動を行っている。長崎県佐世保市生まれ、福岡県育ち。身長175cm。血液型はA型。妻は女優・脚本家の大村仁望。,0
山田亘,"山田 わたる（やまだ わたる、1958年2月2日 - ）は、日本の音楽家、ドラマー。
株式会社ワイズオフィス代表取締役。",0
山中綾華,,0
山野敦子,,0
ヤン・アクセル・ブロンベルク,"ヤン・アクセル・ブロンベルク (Jan Axel Blomberg、1969年8月2日 - )は、ノルウェーヘードマルク県Trysil出身のブラックメタルミュージシャン（ドラマー）。ヘルハマー (Hellhammer)のステージネームで著名。ヘルハマーのステージネームは、スイスのエクストリーム・メタル・バンド、ヘルハマーに由来する。身長167cm。
主にブラックメタルを中心に非常に多数のバンドに参加し活動している。特に1988年から正式メンバーとなっているメイヘムのドラマーとして著名。また、1990年にはアークチュラスをSteinar Sverd Johnsenと共に結成した。アークチュラスは2007年に解散を発表するが、2011年に再結成し活動している。
ドラマーとしての才能は傑出しており、ノルウェーのミュージシャンに贈られる賞、Spellemannprisenを3度受賞している。",1
ヤンネ・パルヴィアイネン ,"ヤンネ・パルヴィアイネン (Janne Parviainen、1973年 - )は、フィンランドのヘヴィメタルミュージシャン (ドラマー)。ファミリーネームが、パーヴィアイネンと書かれることもある。現在は、エンシフェルムとValvetで活動している。また、過去にはワルタリやシナジー、Barathrum、Zwanzigerといったバンドで活動していた。
ドラムス以外を担当することは少ないが、極一部のアルバムでバックボーカルやバウロンも演奏している。",1
ユウ岡崎,,0
YUKI,,0
YUSHI,,0
祐二,,0
YUJI,,0
YUICHI,,0
YUSUKE,,0
ゆうや,ゆうや（12月9日 - ）は、日本のミュージシャン・ドラマー・作曲家・プロデューサーである。ロックバンド・シドのメンバーである。血液型A型。千葉県市原市出身。,0
yukihiro,"yukihiro（ユキヒロ）は、日本のミュージシャン、ドラマー、DJ、シンガーソングライター。
ロックバンド・L'Arc〜en〜Ciel、geek sleep sheep、Petit Brabanconのドラマー。元ZI:KILL、DIE IN CRIESのドラマー、元P'UNK〜EN〜CIELのベーシスト。L'Arc〜en〜Cielではメインコンポーザーの一人として、「New World」や「DRINK IT DOWN」「Cradle」「trick」などの楽曲を手掛けている。
2001年からは、ソロプロジェクト・acid androidの活動を開始。このソロプロジェクトでは、ドラムの他に、ボーカル、ギター、プログラミング、ミキシングを担当している。現在までにアルバム7作品、シングル4作品、映像作品4作品を発表している。他にも、THE MAD CAPSULE MARKET'S、THE NOVEMBERSのアルバムにプログラミングで参加している。
所属事務所はMAVERICK。所属レーベルはDanger Crue Records。",0
雪好 ,,0
YOSHIAKI,YOSHIAKI （よしあき、1982年12月7日（40歳） - ）ドラムス担当。2019年10月16日、医者から職業性ジストニアであると診断され、治療に専念するためバンドとしての活動を休養することを発表。,0
YOSHIKI ,"YOSHIKI（よしき、1965年11月20日 - ）は、日本のミュージシャン、ドラマー、ピアニスト、マルチプレイヤー、ソングライター、音楽プロデューサー､ 実業家。
ロックバンドX JAPANのリーダーであり、映画、テレビ、アニメなど様々な作品の音楽コンポーザーも務める。本名は林 佳樹（はやし よしき）。身長175cm。血液型はB型。
世界的に活躍するアーティストとしてこれまで、ボノ（U2）、サラ・ブライトマン、ウィル・アイ・アム（ブラック・アイド・ピーズ）、KISS、ジョージ・マーティン（ビートルズプロデューサー）、ロジャー・テイラー（クイーン）などと共演している。",0
YO-HEY,YO-HEY（ヨー-ヘイ、1988年2月6日 - ）は、日本の男性プロレスラー。本名は藤田 洋平（ふじた ようへい）。兵庫県養父市出身。プロレスリング・ノア所属。血液型A型。,0
吉澤響,,0
吉田達也,吉田 達也（よしだ たつや、1961年1月9日 - ）は、日本のミュージシャン、ドラマー、作曲家。インディ・レーベル「磨崖仏 (Magaibutsu)」主宰。,0
吉田太郎,吉田 太郎（よしだ　たろう、1973年4月15日 - ）は、日本のミュージシャン、ドラマー。,0
吉田佳史,,0
芳垣安洋,芳垣 安洋（よしがき やすひろ、1959年2月21日 - ）は、日本のドラマー、作曲家。兵庫県西宮市出身。レーベル「Glamorous」を主宰。,0
淀川由浩,,0
Yuji Niwano　,,0
ラーズ・ウルリッヒ,"ラーズ・ウルリッヒ（Lars Ulrich デンマーク語発音: [lɑːs ˈulˀʁæɡ̊] 英語: [lɑːrz ˈʌlrɪk]、1963年12月26日 - ）は、デンマーク出身のドラマー。ヘヴィメタルバンド・メタリカのオリジナル・メンバーであり、ドラムのみならず曲作りでも重要な役割を担う、バンドの中心核である。
「ローリング・ストーン誌の選ぶ歴史上最も偉大な100人のドラマー」において2010年版では第62位、改訂版の2016年版ではランキング外。",1
ライデン湯沢殿下,,0
ラス・カンケル,"ラス・カンケル（Russ Kunkel、1948年9月2日 - ）は、アメリカ合衆国のドラマー。
ジェームス・テイラー、キャロル・キング、ジャクソン・ブラウン、ジョニ・ミッチェル、リンダ・ロンシュタット、カーリー・サイモンらの作品のレコーディングに数多く参加した。1970年代もっともよく知られたセッション・ミュージシャンの一人。",1
ラス・マキノン,,1
リヴォン・ヘルム,"リヴォン・ヘルム (Levon Helm, 1940年5月26日 - 2012年4月19日) は、アメリカ合衆国出身のミュージシャン。ザ・バンドのメンバーとして知られる。オリジナル・メンバー5人中、唯一のアメリカ人である。
「ローリング・ストーンの選ぶ歴史上最も偉大な100人のシンガー」において第91位。",1
リオン・テイラー,リオン・テイラー（Melvyn Leon Taylor Jr.メルヴィン・リオン・テイラー・ジュニア。1955年9月23日 - ）は、アメリカ合衆国出身のドラマーで、ザ・ベンチャーズのメンバーである。,1
リチャード・コフラン,,1
リッキー・ローソン,"リッキー・ローソン（Ricky Lawson、1954年11月8日 - 2013年12月23日）は、アメリカのセッション・ドラマーでコンポーザー。
最初期のフュージョン・バンド、イエロージャケッツのオリジナル・メンバーで、マイケル・ジャクソンのツアーにも参加していた。",1
リック・マロッタ,,1
リッチー・ヘイワード,"リッチー・ヘイワード (Ritchie Hayward, 1946年2月6日 - 2010年8月12日)は、アメリカ合衆国のドラマー、作曲家。2009年までリトル・フィートのドラマーとして活動したほか、セッション・ミュージシャンとして数多くのアーティストと共演した。",1
RINA,,0
笠浩二,"笠 浩二（りゅう こうじ、1962年11月8日 - 2022年12月14日）は、日本のミュージシャン、ドラマー、ソングライター。身長は165cm。血液型はAB型。
1980年代に一世を風靡したロックバンドC-C-Bのメンバーとして知られる。後年は熊本県の南阿蘇村に移住し、九州を拠点として音楽活動を行った。",0
りょういち,,0
りん,,0
リンゴ・スター,"リチャード・スターキー（Sir Richard Starkey、MBE、1940年7月7日 - ）は、リンゴ・スター（Ringo Starr）の名で知られるイギリス出身のミュージシャン、俳優。元ビートルズのメンバーで、メンバー4人の内リンゴだけはクオリーメン時代からのオリジナルメンバーではない。左利きだがドラム・セットは右利きのセッティングである。
リンゴのドラムはほかのメンバー、ジョン・レノン、ポール・マッカートニー、ジョージ・ハリスンを支え続けた。彼のドラム・プレイは評価され、1999年、モダン・ドラマーの殿堂入りを果たした。 2011 年、ローリングストーン誌は彼を史上5番目に偉大なドラマーにあげた。 彼は、1988年にビートルズとして、2015年にソロ アーティストとして、ロックの殿堂入りを 2 回果たした。 2020年、彼は世界で最も裕福なドラマーとして引用され、純資産は3億5000万ドルであった。『レコード・コレクターズ』の「20世紀のベスト・ドラマー100」では2位にランクしている。ビートルズでは「ウィズ・ア・リトル・ヘルプ・フロム・マイ・フレンズ」「グッド・ナイト」「イエロー・サブマリン」などリンゴがリードボーカルを務めた楽曲もある。ソロでの代表曲には「明日への願い」「バック・オフ・ブーガルー」「想い出のフォトグラフ」「ユア・シックスティーン」「オー・マイ・マイ」「オンリー・ユー」など8曲の全米トップ10ヒットがある。1989年以来、彼はリンゴ・スター& ヒズオールスターバンドでツアーを行っている。
現在の妻は映画『007/私を愛したスパイ』のボンドガールとして知られる女優のバーバラ・バック,
ドラマーのザック・スターキーは長男で、ザックの娘ターシャ・スターキーはベーシストとして活動している。",1
ルイス・A・マッコール,,1
RUKA,RUKA（ルカ／瑠樺、1979年6月9日 - ）は、日本のミュージシャン、ドラマー、作曲家。宮城県仙台市の出身だが、生まれは東京都。血液型はO型。ヴィジュアル系バンドナイトメアと自身のソロプロジェクト「The LEGENDARY SIX NINE」のドラマーである。The LEGENDARY SIX NINEについてもこの項で説明する。,0
レニ,"アラン・ジョン・レン (Alan ""Reni"" John Wren、1964年4月10日 - )はイギリス・マンチェスター出身のミュージシャン、ドラマー。ザ・ストーン・ローゼズのメンバーとして知られる。",1
レニー・ホワイト,レニー・ホワイト（Lenny White、1949年12月19日 - ）は、アメリカ・ニューヨーク市生まれのジャズドラマーでプロデューサー、コンポーザー、アレンジャー。主にフュージョンの分野で活躍。,1
LEVIN,LEVIN（レビン、6月3日 - ）は、日本のドラマー。大阪府豊中市出身。ロックバンド・La'cryma Christi、及びTHE HUSKYのドラマー。身長153cm。,0
ロイ・ヘインズ,"ロイ・ヘインズ（Roy Haynes、1925年3月13日 - ）は、アメリカのジャズ・ミュージシャン、ドラマー。アメリカ合衆国マサチューセッツ州ボストン生まれ。
1940年代なかばからルイス・ラッセル、レスター・ヤングらと活動したのち、1949年から1953年にビバップの最重要人物、チャーリー・パーカーのグループで活躍した。その後もマイルス・デイヴィスやサラ・ヴォーン、ジョン・コルトレーン、セロニアス・モンク、エリック・ドルフィー、チック・コリア、パット・メセニーなどの重要レコーディングに参加するなど、90歳を超えた現在でもジャズシーンの先端を行く貴重なミュージシャンである。",1
ロジャー・テイラー,"ロジャー・メドウス・テイラー（英語: Roger Meddows Taylor OBE、1949年7月26日 - ）は、イギリスのミュージシャン。ロックバンド、クイーンのドラマーである。
1973年、アルバム『戦慄の王女』でデビュー。クイーンではドラムスのほかにコーラスや、一部の曲でボーカルも担当しており、ベースやギター、キーボードなども演奏するマルチプレイヤーでもある。クイーンの「RADIO GA GA」、「カインド・オブ・マジック」、「ヘヴン・フォー・エヴリワン」などのヒット曲を作詞作曲している。
クイーンとは別に、ソロ活動やザ・クロスというバンドを結成しての活動も行っていた。フレディの死後もクイーン+ポール・ロジャースとして活躍するなど、現役ミュージシャンとして活動を続けている。
「ローリング・ストーン誌の選ぶ歴史上最も偉大な100人のドラマー」において74位。",1
ロジャー・ホーキンス,ロジャー・ホーキンス (ドラマー) - アメリカのミュージシャン。ドラマーとして活動していた,1
ロッキー・グレイ,"ロッキー・グレイ（Rocky Gray、1974年7月2日 - ）は、アメリカ合衆国アーカンソー州リトルロックのミュージシャン。
エヴァネッセンスのドラマーとしてデビューし、バンドのリーダーでもあるベン・ムーディーが脱退後も陰でバンドを支えてきたが、2007年5月エイミー・リーとの創作性の違いなどによりギタリストのジョン・ルコンプと共に脱退。
以後、ジョン・ルコンプ率いるマシーナや、ソウル・エンブレイスド、フェイタル１３（サーティン）でドラマーとして、リヴィング・サクリファイスではギタリストとして、主に活動している。
2009年、元エヴァネッセンスのベン・ムーディー、ロッキー・グレイ、アメリカンアイドル'07のファイナリスト、カーリー・スミスソン、マーティ・オブライアンらと共に、新バンドWE ARE THE FALLEN（ウィー・アー・ザ・フォールン）を結成。
同年6月22日にハリウッドにて記者会見を行い、デビュー曲""Bury Me Alive""を発表。
2010年5月11日、デビューアルバム""Tear The World Down""をリリース。
2011年以降はマシーナのメンバーとして主に活動。
2012年10月、バンドはRogue Records Americaと契約、デビューアルバム「To Live and Die in the Garden of Eden」をiTunes、レーベルサイトよりデジタル版、CD版ともにリリースした。
マシーナ ミュージック･ビデオ ""Crown"" ""Tranquility""
他にも、Solus Deus、At War's Endでギタリストとして参加、活動している。
レコーディング・スタジオ""Fader Recording Studio""のオーナーで、プロ・アマ、ジャンルを問わずプロデューサー業も行っている。
ホラー系アートを扱うアパレル＆デザインWEBショップ""Deadest Designs""を経営。",1
ロナルド・シャノン・ジャクソン,,1
ロバート・ワイアット,"ロバート・ワイアット（Robert Wyatt、1945年1月28日- ）は、イングランド出身のロック・ミュージシャン、シンガーソングライター、元ドラマー。
若き日は、カンタベリー・ロック・バンドの「ソフト・マシーン」や「マッチング・モウル」に在籍。事故でドラマーの道を絶たれてからは、ソロ・シンガーとして活動した。",1
ロバよしお,,0
ロビー・マッキントッシュ,,1
ロルフ・ピルヴ,"ロルフ・ピルヴ (Rolf Pilve、1987年10月23日 - )は、フィンランド・タンペレ出身のヘヴィメタルミュージシャン (ドラマー)。
ヨーロッパのヘヴィメタルシーンでは、バンドの掛け持ちは普通に行われているが、ロルフの掛け持ちの数は非常に多い。同様のミュージシャンとして、ロルフといくつかのバンドで活動を共にするクリスチャン・アルヴェスタムやヤニ・ステファノヴィックが挙げられる。",1
ロン・ベック,,1
和田ジョージ,,0
渡辺作郎,,0
渡辺拓郎,,0
渡辺純一,,0
渡辺豊,渡辺 豊（わたなべ ゆたか）は、ドラマー、ミュージシャン。ハーフトーン音楽出版所属。,0
栗原寿,栗原 寿（くりはら ひさし、1985年7月24日 - ）は、日本の男性ドラマー。スリーピースロックバンド・back numberのメンバーである。群馬県伊勢崎市柴町出身。血液型はA型。身長170cm。妻は女優の川村ゆきえ。,0
河村吉宏,"河村 吉宏（かわむら よしひろ、1987年8月11日 - ）は、東京都世田谷区出身のドラマー、スタジオミュージシャン。愛称は""よっち""。O型。父親は同じくドラマーの河村智康。妻はキーボーディストのeji。",0